CodeWord,Size,Stranding,IndDiamAl,IndDiamSt,DiamStlCore,DiamCompleteCable,Weightper1000ftAl,Weightper1000ftStl,Weightper1000ftTotal,Al,Stl,RatedStrength,ResistanceDCLowdegc,ResistanceACHighdegc,LowTemp,HighTemp,MetersperResistanceInterval,AllowableAmpacity,Type,ResistanceACLowdegc,ResistanceACLowdegcMeter,ResistanceACHighdegcMeter,simulated
Turkey,6,1-Jun,0.0661,0.0661,0.0661,0.198,24,12,36,67.88,32.12,1190,0.641,0.806,20,75,304.8,105,ACSR,0.641,0.00210301837270341,0.00264435695538058,0
Swan,4,1-Jun,0.0834,0.0834,0.0834,0.25,39,18,57,67.87,32.12,1860,0.403,0.515,20,75,304.8,140,ACSR,0.403,0.00132217847769029,0.00168963254593176,0
Swanate,4,1-Jul,0.0772,0.103,0.103,0.257,39,28,67,58.1,41.9,2360,0.399,0.519,20,75,304.8,140,ACSR,0.399,0.00130905511811024,0.00170275590551181,0
Sparrow,2,1-Jun,0.1052,0.1052,0.1052,0.316,62,29,91,67.9,32.1,2850,0.254,0.332,20,75,304.8,184,ACSR,0.254,0.000833333333333333,0.00108923884514436,0
Sparate,2,1-Jul,0.0974,0.1298,0.1298,0.325,62,45,107,58.12,41.88,3460,0.251,0.338,20,75,304.8,184,ACSR,0.251,0.000823490813648294,0.00110892388451444,0
Robin,1,1-Jun,0.1181,0.1181,0.1181,0.354,78,37,115,67.88,32.12,3550,0.201,0.268,20,75,304.8,212,ACSR,0.201,0.000659448818897638,0.000879265091863517,0
Raven,-0,1-Jun,0.1327,0.1327,0.1327,0.398,99,47,145,67.89,32.11,4380,0.159,0.217,20,75,304.8,242,ACSR,0.159,0.000521653543307087,0.000711942257217848,0
Quail,-0,1-Jun,0.1489,0.1489,0.1489,0.447,124,59,183,67.88,32.12,5310,0.126,0.176,20,75,304.8,276,ACSR,0.126,0.000413385826771654,0.00057742782152231,0
Pigeon,-0,1-Jun,0.1672,0.1672,0.1672,0.502,156,74,230,67.87,32.13,6620,0.1,0.144,20,75,304.8,315,ACSR,0.1,0.000328083989501312,0.00047244094488189,0
Penguin,-0,1-Jun,0.1878,0.1878,0.1878,0.563,197,93,291,67.88,32.12,8350,0.0795,0.119,20,75,304.8,357,ACSR,0.0795,0.000260826771653543,0.000390419947506562,0
Waxwing,266.8,18/1,0.1217,0.1217,0.1217,0.609,250,39,289,86.43,13.57,6880,0.0643,0.0787,20,75,304.8,449,ACSR,0.0643,0.000210958005249344,0.000258202099737533,0
Partridge,266.8,26/7,0.1013,0.0788,0.2363,0.642,251,115,367,68.51,31.49,11300,0.0637,0.0779,20,75,304.8,475,ACSR,0.0637,0.000208989501312336,0.000255577427821522,0
Ostrich,300,26/7,0.1074,0.0835,0.2506,0.68,283,130,412,68.51,31.49,12700,0.0567,0.0693,20,75,304.8,492,ACSR,0.0567,0.000186023622047244,0.000227362204724409,0
Merlin,336.4,18/1,0.1367,0.1367,0.1367,0.684,315,49,365,86.43,13.57,8680,0.051,0.0625,20,75,304.8,519,ACSR,0.051,0.000167322834645669,0.00020505249343832,0
Linnet,336.4,26/7,0.1137,0.0885,0.2654,0.72,317,146,462,68.51,31.49,14100,0.0505,0.0618,20,75,304.8,529,ACSR,0.0505,0.000165682414698163,0.000202755905511811,0
Oriole,336.4,30/7,0.1059,0.1059,0.3177,0.741,318,209,526,60.35,39.65,17300,0.0502,0.0613,20,75,304.8,535,ACSR,0.0502,0.000164698162729659,0.000201115485564304,0
Chickadee,397.5,18/1,0.1486,0.1486,0.1486,0.743,373,58,431,86.43,13.57,9940,0.0432,0.0529,20,75,304.8,576,ACSR,0.0432,0.000141732283464567,0.000173556430446194,0
Brant,397.5,24/7,0.1287,0.0858,0.2574,0.772,374,137,511,73.21,26.79,14600,0.043,0.0526,20,75,304.8,584,ACSR,0.043,0.000141076115485564,0.00017257217847769,0
Ibis,397.5,26/7,0.1236,0.0962,0.2885,0.783,374,172,546,68.51,31.49,16300,0.0428,0.0523,20,75,304.8,587,ACSR,0.0428,0.000140419947506562,0.000171587926509186,0
Lark,397.5,30/7,0.1151,0.1151,0.3453,0.806,375,247,622,60.35,39.65,20300,0.0425,0.0519,20,75,304.8,594,ACSR,0.0425,0.000139435695538058,0.000170275590551181,0
Pelican,477,18/1,0.1628,0.1628,0.1628,0.814,447,70,517,86.44,13.56,11800,0.036,0.0442,20,75,304.8,646,ACSR,0.036,0.000118110236220472,0.00014501312335958,0
Flicker,477,24/7,0.141,0.094,0.2819,0.846,449,164,614,73.21,26.79,17200,0.0358,0.0439,20,75,304.8,655,ACSR,0.0358,0.00011745406824147,0.000144028871391076,0
Hawk,477,26/7,0.1354,0.1053,0.316,0.858,449,207,656,68.51,31.49,19500,0.0356,0.0436,20,75,304.8,659,ACSR,0.0356,0.000116797900262467,0.000143044619422572,0
Hen,477,30/7,0.1261,0.1261,0.3783,0.883,450,296,746,60.35,39.65,23800,0.0354,0.0433,20,75,304.8,666,ACSR,0.0354,0.000116141732283465,0.000142060367454068,0
Osprey,556.5,18/1,0.1758,0.1758,0.1758,0.879,522,82,603,86.43,13.57,13700,0.0308,0.0379,20,75,304.8,711,ACSR,0.0308,0.000101049868766404,0.000124343832020997,0
Parakeet,556.5,24/7,0.1523,0.1015,0.3045,0.914,524,192,716,73.21,26.79,19800,0.0307,0.0376,20,75,304.8,721,ACSR,0.0307,0.000100721784776903,0.000123359580052493,0
Dove,556.5,26/7,0.1463,0.1138,0.3413,0.927,524,241,765,68.51,31.49,22600,0.0306,0.0375,20,75,304.8,726,ACSR,0.0306,0.000100393700787402,0.000123031496062992,0
Eagle,556.5,30/7,0.1362,0.1362,0.4086,0.953,525,345,871,60.35,39.65,27800,0.0303,0.0372,20,75,304.8,734,ACSR,0.0303,9.94094488188976e-05,0.000122047244094488,0
Peacock,605,24/7,0.1588,0.1059,0.3177,0.953,570,209,779,73.2,26.8,21600,0.0282,0.0346,20,75,304.8,760,ACSR,0.0282,9.25196850393701e-05,0.000113517060367454,0
Squab,605,26/7,0.1525,0.1186,0.3559,0.966,570,262,832,68.51,31.49,24300,0.0281,0.0345,20,75,304.8,765,ACSR,0.0281,9.21916010498688e-05,0.000113188976377953,0
Wood_Duck,605,30/7,0.142,0.142,0.426,0.994,571,375,946,60.35,39.65,28900,0.0279,0.0342,20,75,304.8,774,ACSR,0.0279,9.15354330708661e-05,0.000112204724409449,0
Teal,605,30/19,0.142,0.0852,0.426,0.994,571,367,939,60.86,39.14,30000,0.0279,0.0342,20,75,304.8,773,ACSR,0.0279,9.15354330708661e-05,0.000112204724409449,0
Kingbird,636,18/1,0.188,0.188,0.188,0.94,596,94,690,86.43,13.57,15700,0.027,0.0332,20,75,304.8,773,ACSR,0.027,8.85826771653543e-05,0.000108923884514436,0
Swift,636,36/1,0.1329,0.1329,0.1329,0.93,596,47,643,92.72,7.28,13690,0.0271,0.0334,20,75,304.8,769,ACSR,0.0271,8.89107611548556e-05,0.000109580052493438,0
Rook,636,24/7,0.1628,0.1085,0.3256,0.977,599,219,818,73.22,26.78,22600,0.0268,0.033,20,75,304.8,784,ACSR,0.0268,8.79265091863517e-05,0.000108267716535433,0
Grosbeak,636,26/7,0.1564,0.1216,0.3649,0.991,599,275,874,68.51,31.49,25200,0.0267,0.0328,20,75,304.8,789,ACSR,0.0267,8.75984251968504e-05,0.00010761154855643,0
Scoter,636,30/7,0.1456,0.1456,0.4368,1.019,600,395,995,60.35,39.65,30400,0.0256,0.0325,20,75,304.8,798,ACSR,0.0256,8.3989501312336e-05,0.000106627296587927,0
Egret,636,30/19,0.1456,0.0874,0.4368,1.019,600,386,987,60.85,39.15,31500,0.0266,0.0326,20,75,304.8,798,ACSR,0.0266,8.72703412073491e-05,0.000106955380577428,0
Flamingo,666.6,24/7,0.1667,0.1111,0.3333,1,628,230,858,73.21,26.79,23700,0.0256,0.0315,20,75,304.8,807,ACSR,0.0256,8.3989501312336e-05,0.000103346456692913,0
Gannet,666.6,26/7,0.1601,0.1245,0.3736,1.014,628,289,916,68.51,31.49,26400,0.0255,0.0313,20,75,304.8,812,ACSR,0.0255,8.36614173228346e-05,0.000102690288713911,0
Stilt,715.5,24/7,0.1727,0.1151,0.3453,1.036,674,247,920,73.21,26.79,25500,0.0239,0.0294,20,75,304.8,844,ACSR,0.0239,7.84120734908136e-05,9.64566929133858e-05,0
Starling,715.5,26/7,0.1659,0.129,0.3871,1.051,674,310,984,68.51,31.49,28400,0.0238,0.0292,20,75,304.8,849,ACSR,0.0238,7.80839895013123e-05,9.58005249343832e-05,0
Redwing,715.5,30/19,0.1544,0.0927,0.4633,1.081,676,435,1110,60.85,39.15,34600,0.0236,0.029,20,75,304.8,859,ACSR,0.0236,7.74278215223097e-05,9.51443569553806e-05,0
Coot,795,36/1,0.1486,0.1486,0.1486,1.04,745,58,804,92.72,7.28,16710,0.0217,0.0268,20,75,304.8,884,ACSR,0.0217,7.11942257217848e-05,8.79265091863517e-05,0
Drake,795,26/7,0.1749,0.136,0.408,1.107,749,344,1093,68.51,31.49,31500,0.0214,0.0263,20,75,304.8,907,ACSR,0.0214,7.02099737532808e-05,8.62860892388451e-05,0
Tern,795,45/7,0.1329,0.0886,0.2658,1.063,749,146,895,83.67,16.33,22100,0.0216,0.0269,20,75,304.8,887,ACSR,0.0216,7.08661417322835e-05,8.8254593175853e-05,0
Condor,795,54/7,0.1213,0.1213,0.364,1.092,749,274,1023,73.21,26.79,28200,0.0215,0.0272,20,75,304.8,889,ACSR,0.0215,7.05380577427821e-05,8.9238845144357e-05,0
Mallard,795,30/19,0.1628,0.0977,0.4884,1.14,751,483,1234,60.86,39.14,38400,0.0213,0.0261,20,75,304.8,918,ACSR,0.0213,6.98818897637795e-05,8.56299212598425e-05,0
Ruddy,900,45/7,0.1414,0.0943,0.2828,1.131,848,165,1013,83.67,16.33,24400,0.0191,0.0239,20,75,304.8,958,ACSR,0.0191,6.26640419947506e-05,7.84120734908136e-05,0
Canary,900,54/7,0.1291,0.1291,0.3873,1.162,848,310,1158,73.22,26.78,31900,0.019,0.0241,20,75,304.8,961,ACSR,0.019,6.23359580052493e-05,7.90682414698163e-05,0
Rail,954,45/7,0.1456,0.0971,0.2912,1.165,899,175,1074,83.67,16.33,25900,0.018,0.0225,20,75,304.8,993,ACSR,0.018,5.90551181102362e-05,7.38188976377953e-05,0
Cardinal,954,54/7,0.1329,0.1329,0.3987,1.196,899,329,1227,73.21,26.79,33800,0.0179,0.0228,20,75,304.8,996,ACSR,0.0179,5.87270341207349e-05,7.48031496062992e-05,0
Ortolan,1033.5,45/7,0.1515,0.101,0.3031,1.212,973,190,1163,83.67,16.33,27700,0.0167,0.0209,20,75,304.8,1043,ACSR,0.0167,5.47900262467192e-05,6.85695538057743e-05,0
Curlew,1033.5,54/7,0.1383,0.1383,0.415,1.245,973,356,1330,73.21,26.79,36600,0.0165,0.0211,20,75,304.8,1047,ACSR,0.0165,5.41338582677165e-05,6.92257217847769e-05,0
Bluejay,1113,45/7,0.1573,0.1048,0.3145,1.258,1048,205,1253,83.67,16.33,29800,0.0155,0.0194,20,75,304.8,1092,ACSR,0.0155,5.08530183727034e-05,6.36482939632546e-05,0
Finch,1113,54/19,0.1436,0.0861,0.4307,1.292,1053,375,1429,73.72,26.28,39100,0.0154,0.0197,20,75,304.8,1093,ACSR,0.0154,5.05249343832021e-05,6.46325459317585e-05,0
Bunting,1192.5,45/7,0.1628,0.1085,0.3256,1.302,1123,219,1343,83.67,16.33,32000,0.0144,0.0182,20,75,304.8,1139,ACSR,0.0144,4.7244094488189e-05,5.97112860892388e-05,0
Grackle,1192.5,54/19,0.1486,0.0892,0.4458,1.337,1129,402,1531,73.72,26.28,41900,0.0144,0.0184,20,75,304.8,1140,ACSR,0.0144,4.7244094488189e-05,6.03674540682415e-05,0
Bittern,1272,45/7,0.1681,0.1121,0.3362,1.345,1198,234,1432,83.67,16.33,34100,0.0135,0.0171,20,75,304.8,1184,ACSR,0.0135,4.42913385826772e-05,5.61023622047244e-05,0
Pheasant,1272,54/19,0.1535,0.0921,0.4605,1.381,1204,429,1633,73.71,26.29,43600,0.0135,0.0173,20,75,304.8,1187,ACSR,0.0135,4.42913385826772e-05,5.6758530183727e-05,0
Dipper,1351.5,45/7,0.1733,0.1155,0.3466,1.386,1273,248,1521,83.67,16.33,36200,0.0127,0.0162,20,75,304.8,1229,ACSR,0.0127,4.16666666666667e-05,5.31496062992126e-05,0
Martin,1351.5,54/19,0.1582,0.0949,0.4746,1.424,1279,456,1735,73.72,26.28,46300,0.0127,0.0163,20,75,304.8,1232,ACSR,0.0127,4.16666666666667e-05,5.34776902887139e-05,0
Bobolink,1431,45/7,0.1783,0.1189,0.3566,1.427,1348,263,1611,83.67,16.33,38300,0.012,0.0153,20,75,304.8,1272,ACSR,0.012,3.93700787401575e-05,5.01968503937008e-05,0
Lapwing,1590,45/7,0.188,0.1253,0.3759,1.504,1498,292,1790,83.67,16.33,42200,0.0108,0.0139,20,75,304.8,1354,ACSR,0.0108,3.54330708661417e-05,4.56036745406824e-05,0
Falcon,1590,54/19,0.1716,0.103,0.5148,1.544,1505,536,2041,73.72,26.28,54500,0.0108,0.014,20,75,304.8,1359,ACSR,0.0108,3.54330708661417e-05,4.59317585301837e-05,0
Chukar,1780,84/19,0.1456,0.0874,0.4368,1.602,1685,386,2072,81.35,18.65,51000,0.0097,0.0125,20,75,304.8,1453,ACSR,0.0097,3.18241469816273e-05,4.1010498687664e-05,0
Bluebird,2156,84/19,0.1602,0.0962,0.4808,1.762,2040,468,2508,81.34,18.66,60300,0.00801,0.0105,20,75,304.8,1623,ACSR,0.00801,2.62795275590551e-05,3.44488188976378e-05,0
Kiwi,2167,72/7,0.1735,0.1157,0.347,1.735,2051,249,2300,89.17,10.82,49800,0.00801,0.0106,20,75,304.8,1607,ACSR,0.00801,2.62795275590551e-05,3.47769028871391e-05,0
Partridge/ACSS,266.8,26/7,0.1013,0.0788,0.2363,0.642,251.3,115.5,366.8,8880,9730,11400,0.0619,0.0761,20,75,304.8,812,ACSS,0.0619,0.000203083989501312,0.000249671916010499,0
Junco/ACSS,266.8,30/7,0.0943,0.0943,0.2829,0.66,251.9,165.5,417.4,11700,13000,15200,0.0615,0.0756,20,75,304.8,822,ACSS,0.0615,0.000201771653543307,0.000248031496062992,0
Ostrich/ACSS,300,26/7,0.1074,0.0835,0.2506,0.68,282.6,129.9,412.5,10000,10900,12800,0.0551,0.0677,20,75,304.8,877,ACSS,0.0551,0.000180774278215223,0.000222112860892388,0
Linnet/ACSS,336.4,26/7,0.1137,0.0885,0.2654,0.72,316.8,145.7,462.5,11200,12300,14400,0.0491,0.0604,20,75,304.8,945,ACSS,0.0491,0.000161089238845144,0.000198162729658793,0
Oriole/ACSS,336.4,30/7,0.1059,0.1059,0.3177,0.741,317.6,208.7,526.3,14800,16300,19100,0.0488,0.06,20,75,304.8,957,ACSS,0.0488,0.00016010498687664,0.000196850393700787,0
Brant/ACSS,397.5,24/7,0.1287,0.0858,0.2574,0.772,374.4,137,511.4,11000,12100,14100,0.0417,0.0514,20,75,304.8,1047,ACSS,0.0417,0.000136811023622047,0.000168635170603675,0
Ibis/ACSS,397.5,26/7,0.1236,0.0962,0.2885,0.783,374.4,172.1,546.5,13000,14200,16500,0.0416,0.0512,20,75,304.8,1054,ACSS,0.0416,0.000136482939632546,0.000167979002624672,0
Lark/ACSS,397.5,30/7,0.1151,0.1151,0.3453,0.806,375.3,246.5,621.8,17500,19300,22600,0.0413,0.0508,20,75,304.8,1068,ACSS,0.0413,0.000135498687664042,0.000166666666666667,0
Flicker/ACSS,477,24/7,0.141,0.094,0.2819,0.846,449.3,164.4,613.7,13000,14200,16400,0.0348,0.0429,20,75,304.8,1180,ACSS,0.0348,0.000114173228346457,0.000140748031496063,0
Hawk/ACSS,477,26/7,0.1354,0.1053,0.316,0.858,449.3,206.5,655.8,15600,17100,19800,0.0346,0.0427,20,75,304.8,1188,ACSS,0.0346,0.000113517060367454,0.00014009186351706,0
Hen/ACSS,477,30/7,0.1261,0.1261,0.3783,0.883,450.4,295.9,746.3,21000,22700,26700,0.0344,0.0424,20,75,304.8,1204,ACSS,0.0344,0.000112860892388451,0.000139107611548556,0
Parakeet/ACSS,556.5,24/7,0.1523,0.1015,0.3045,0.914,524,192,716,15200,16600,19100,0.0298,0.0368,20,75,304.8,1306,ACSS,0.0298,9.77690288713911e-05,0.000120734908136483,0
Dove/ACSS,556.5,26/7,0.1463,0.1138,0.3413,0.927,524.2,240.9,765.1,18200,19900,23200,0.0297,0.0366,20,75,304.8,1315,ACSS,0.0297,9.74409448818898e-05,0.00012007874015748,0
Eagle/ACSS,556.5,30/7,0.1362,0.1362,0.4086,0.953,525.4,345.2,870.6,24500,26500,31100,0.0295,0.0363,20,75,304.8,1331,ACSS,0.0295,9.67847769028871e-05,0.000119094488188976,0
Peacock/ACSS,605,24/7,0.1588,0.1058,0.3175,0.953,569.8,208.5,778.3,16500,18100,20800,0.0274,0.0339,20,75,304.8,1379,ACSS,0.0274,8.98950131233596e-05,0.000111220472440945,0
Squab/ACSS,605,26/7,0.1525,0.1186,0.3559,0.966,569.8,261.9,831.7,19700,21300,25200,0.0273,0.0337,20,75,304.8,1389,ACSS,0.0273,8.95669291338583e-05,0.000110564304461942,0
Wood Duck/ACSS,605,30/7,0.142,0.142,0.426,0.994,571.2,375.3,946.5,26000,28300,33300,0.0271,0.0334,20,75,304.8,1407,ACSS,0.0271,8.89107611548556e-05,0.000109580052493438,0
Teal/ACSS,605,30/19,0.142,0.0852,0.426,0.994,571.2,367.4,938.6,26600,29300,34800,0.0272,0.0335,20,75,304.8,1406,ACSS,0.0272,8.9238845144357e-05,0.00010990813648294,0
Rook/ACSS,636,24/7,0.1628,0.1085,0.3256,0.977,599,219.2,818.2,17300,19000,21900,0.0261,0.0322,20,75,304.8,1425,ACSS,0.0261,8.56299212598425e-05,0.000105643044619423,0
Grosbeak/ACSS,636,26/7,0.1564,0.1216,0.3649,0.991,599,275.4,874.4,20700,22400,26000,0.026,0.0321,20,75,304.8,1435,ACSS,0.026,8.53018372703412e-05,0.000105314960629921,0
Scoter/ACSS,636,30/7,0.1456,0.1456,0.4368,1.019,600.5,394.5,995,27400,29700,35000,0.0258,0.0318,20,75,304.8,1454,ACSS,0.0258,8.46456692913386e-05,0.000104330708661417,0
Egret/ACSS,636,30/19,0.1456,0.0874,0.4368,1.019,600.5,386.3,986.8,28000,30900,36600,0.0258,0.0319,20,75,304.8,1453,ACSS,0.0258,8.46456692913386e-05,0.000104658792650919,0
Flamingo/ACSS,666.6,24/7,0.1667,0.1111,0.3333,1,627.9,229.7,857.6,18200,19900,22900,0.0249,0.0308,20,75,304.8,1470,ACSS,0.0249,8.16929133858268e-05,0.000101049868766404,0
Gannet/ACSS,666.6,26/7,0.1601,0.1245,0.3736,1.014,627.8,288.6,916.4,21700,23400,27300,0.0248,0.0306,20,75,304.8,1480,ACSS,0.0248,8.13648293963255e-05,0.000100393700787402,0
Stilt/ACSS,715.5,24/7,0.1727,0.1151,0.3453,1.036,673.9,246.5,920.4,19500,21300,24600,0.0232,0.0287,20,75,304.8,1540,ACSS,0.0232,7.61154855643044e-05,9.41601049868766e-05,0
Starling/ACSS,715.5,26/7,0.1659,0.129,0.3871,1.051,673.9,309.8,983.7,23300,25200,29800,0.0231,0.0286,20,75,304.8,1550,ACSS,0.0231,7.57874015748031e-05,9.38320209973753e-05,0
Redwing/ACSS,715.5,30/19,0.1544,0.0927,0.4633,1.081,675.6,434.6,1110.2,30800,34000,39800,0.023,0.0284,20,75,304.8,1570,ACSS,0.023,7.54593175853018e-05,9.31758530183727e-05,0
Cuckoo/ACSS,795,24/7,0.182,0.1213,0.364,1.092,748.8,274,1022.8,21700,23300,26900,0.0209,0.0259,20,75,304.8,1650,ACSS,0.0209,6.85695538057743e-05,8.49737532808399e-05,0
Drake/ACSS,795,26/7,0.1749,0.136,0.408,1.107,748.8,344.2,1093,25900,28000,32600,0.0209,0.0257,20,75,304.8,1662,ACSS,0.0209,6.85695538057743e-05,8.43175853018373e-05,0
Macaw/ACSS,795,42/7,0.1376,0.0764,0.2293,1.055,748.8,108.7,857.5,11800,12600,14300,0.0211,0.0262,20,75,304.8,1621,ACSS,0.0211,6.92257217847769e-05,8.59580052493438e-05,0
Tern/ACSS,795,45/7,0.1329,0.0886,0.2658,1.063,748.8,146.1,894.9,14200,15200,17400,0.021,0.0263,20,75,304.8,1618,ACSS,0.021,6.88976377952756e-05,8.62860892388451e-05,0
Condor/ACSS,795,54/7,0.1213,0.1213,0.364,1.092,748.8,274,1022.8,21700,23300,26900,0.0209,0.0266,20,75,304.8,1618,ACSS,0.0209,6.85695538057743e-05,8.72703412073491e-05,0
Mallard/ACSS,795,30/19,0.1628,0.0977,0.4884,1.139,750.6,482.8,1233.4,34300,37900,44300,0.0207,0.0255,20,75,304.8,1683,ACSS,0.0207,6.79133858267717e-05,8.36614173228346e-05,0
Ruddy/ACSS,900,45/7,0.1414,0.0943,0.2828,1.131,847.7,165.4,1012.1,15800,17000,19200,0.0186,0.0233,20,75,304.8,1755,ACSS,0.0186,6.10236220472441e-05,7.64435695538058e-05,0
Canary/ACSS,900,54/7,0.1291,0.1291,0.3873,1.162,847.7,310.1,1157.8,24600,26400,30500,0.0184,0.0236,20,75,304.8,1756,ACSS,0.0184,6.03674540682415e-05,7.74278215223097e-05,0
Redbird/ACSS,954,24/7,0.1994,0.1329,0.3987,1.196,898.5,328.7,1227.2,26000,28000,32300,0.0174,0.0217,20,75,304.8,1859,ACSS,0.0174,5.70866141732283e-05,7.11942257217848e-05,0
Rail/ACSS,954,45/7,0.1456,0.0971,0.2912,1.165,898.5,175.3,1073.8,16700,18000,20400,0.0175,0.022,20,75,304.8,1824,ACSS,0.0175,5.74146981627297e-05,7.21784776902887e-05,0
Towhee/ACSS,954,48/7,0.141,0.1097,0.329,1.175,898.5,223.7,1122.2,19700,21300,24300,0.0175,0.0218,20,75,304.8,1842,ACSS,0.0175,5.74146981627297e-05,7.15223097112861e-05,0
Cardinal/ACSS,954,54/7,0.1329,0.1329,0.3987,1.196,898.6,328.7,1227.2,26000,28000,32300,0.0174,0.0223,20,75,304.8,1825,ACSS,0.0174,5.70866141732283e-05,7.31627296587926e-05,0
Canvasback/ACSS,954,30/19,0.1783,0.107,0.535,1.248,900.7,579.4,1480.1,41100,45400,53100,0.0172,0.0214,20,75,304.8,1897,ACSS,0.0172,5.64304461942257e-05,7.02099737532808e-05,0
Snowbird/ACSS,1033.5,42/7,0.1569,0.0871,0.2614,1.203,973.4,141.3,1114.7,15400,16500,18500,0.0162,0.0204,20,75,304.8,1924,ACSS,0.0162,5.31496062992126e-05,6.69291338582677e-05,0
Ortolan/ACSS,1033.5,45/7,0.1515,0.101,0.3031,1.212,973.4,190,1163.4,18100,19500,22000,0.0162,0.0204,20,75,304.8,1921,ACSS,0.0162,5.31496062992126e-05,6.69291338582677e-05,0
Curlew/ACSS,1033.5,54/7,0.1383,0.1383,0.415,1.245,973.4,356.2,1329.6,28200,30300,35000,0.0161,0.0206,20,75,304.8,1924,ACSS,0.0161,5.28215223097113e-05,6.75853018372703e-05,0
Bluejay/ACSS,1113,45/7,0.1573,0.1048,0.3145,1.258,1048.3,204.5,1252.8,19500,21100,23800,0.015,0.019,20,75,304.8,2017,ACSS,0.015,4.92125984251968e-05,6.23359580052493e-05,0
Finch/ACSS,1113,54/19,0.1436,0.0861,0.4307,1.292,1053.4,375.5,1428.9,30400,33200,38700,0.015,0.0193,20,75,304.8,2015,ACSS,0.015,4.92125984251968e-05,6.33202099737533e-05,0
Bunting/ACSS,1192.5,45/7,0.1628,0.1085,0.3256,1.302,1123.2,219.2,1342.4,21400,23500,25400,0.014,0.0178,20,75,304.8,2110,ACSS,0.014,4.59317585301837e-05,5.83989501312336e-05,0
Bittern/ACSS,1272,45/7,0.1681,0.1121,0.3363,1.345,1198,234,1432,22300,24000,27100,0.0131,0.0167,20,75,304.8,2201,ACSS,0.0131,4.29790026246719e-05,5.47900262467192e-05,0
Pheasant/ACSS,1272,54/19,0.1535,0.0921,0.4604,1.381,1203.9,429.2,1633.1,34100,37300,43000,0.0131,0.0169,20,75,304.8,2200,ACSS,0.0131,4.29790026246719e-05,5.54461942257218e-05,0
Dipper/ACSS,1351,45/7,0.1733,0.1155,0.3465,1.386,1272.5,248.3,1520.8,23700,25500,28800,0.0124,0.0158,20,75,304.8,2289,ACSS,0.0124,4.06824146981627e-05,5.18372703412074e-05,0
Martin/ACSS,1351,54/19,0.1582,0.0949,0.4745,1.424,1278.7,455.8,1734.5,36200,39600,45600,0.0123,0.016,20,75,304.8,2288,ACSS,0.0123,4.03543307086614e-05,5.249343832021e-05,0
Bobolink/ACSS,1431,45/7,0.1783,0.1189,0.3566,1.427,1347.8,263,1610.8,25100,27000,30500,0.0117,0.015,20,75,304.8,2375,ACSS,0.0117,3.83858267716535e-05,4.92125984251968e-05,0
Plover/ACSS,1431,54/19,0.1628,0.0977,0.4884,1.465,1354.4,482.8,1837.2,38400,41900,48300,0.0117,0.0151,20,75,304.8,2375,ACSS,0.0117,3.83858267716535e-05,4.95406824146982e-05,0
Nuthatch/ACSS,1510,45/7,0.1832,0.1221,0.3664,1.465,1422.2,277.5,1699.7,26500,28100,31800,0.0111,0.0143,20,75,304.8,2459,ACSS,0.0111,3.64173228346457e-05,4.69160104986877e-05,0
Parrot/ACSS,1510,54/19,0.1672,0.1003,0.5017,1.505,1429.2,509.5,1938.7,40400,44200,51000,0.011,0.0144,20,75,304.8,2460,ACSS,0.011,3.60892388451444e-05,4.7244094488189e-05,0
Ratite/ACSS,1590,42/7,0.1946,0.1081,0.3243,1.492,1497.6,217.4,1715,23400,25000,27900,0.0105,0.0136,20,75,304.8,2543,ACSS,0.0105,3.44488188976378e-05,4.46194225721785e-05,0
Lapwing/ACSS,1590,45/7,0.188,0.1253,0.3759,1.504,1497.6,292.2,1789.8,27900,29600,33500,0.0105,0.0136,20,75,304.8,2543,ACSS,0.0105,3.44488188976378e-05,4.46194225721785e-05,0
Falcon/ACSS,1590,54/19,0.1716,0.103,0.5148,1.544,1504.9,536.5,2041.4,42600,46600,53700,0.0105,0.0137,20,75,304.8,2545,ACSS,0.0105,3.44488188976378e-05,4.49475065616798e-05,0
Chukar/ACSS,1780,84/19,0.1456,0.0873,0.4367,1.601,1684.7,386.1,2070.8,35400,38200,43900,0.0094,0.0122,20,75,304.8,2751,ACSS,0.0094,3.08398950131234e-05,4.00262467191601e-05,0
Mockingbird/ACSS,2034.5,72/7,0.1681,0.1121,0.3362,1.681,1925.6,233.7,2159.3,27200,28900,32000,0.0083,0.011,20,75,304.8,2960,ACSS,0.0083,2.72309711286089e-05,3.60892388451444e-05,0
Roadrunner/ACSS,2057,76/19,0.1645,0.0768,0.3839,1.7,1946.9,298.3,2245.2,31700,33900,38300,0.0082,0.0108,20,75,304.8,2992,ACSS,0.0082,2.69028871391076e-05,3.54330708661417e-05,0
Bluebird/ACSS,2156,84/19,0.1602,0.0961,0.4806,1.762,2040.6,467.6,2508.2,42100,45500,51700,0.0078,0.0103,20,75,304.8,3106,ACSS,0.0078,2.55905511811024e-05,3.37926509186352e-05,0
Kiwi/ACSS,2167,72/7,0.1735,0.1157,0.347,1.735,2051,248.9,2299.9,29000,30800,34100,0.0078,0.0104,20,75,304.8,3080,ACSS,0.0078,2.55905511811024e-05,3.41207349081365e-05,0
Thrasher/ACSS,2312,76/19,0.1744,0.0814,0.407,1.802,2188.2,335.3,2523.5,35600,38100,43000,0.0073,0.0098,20,75,304.8,3218,ACSS,0.0073,2.39501312335958e-05,3.21522309711286e-05,0
Joree/ACSS,2515,76/19,0.1819,0.0849,0.4245,1.88,2380.4,364.7,2745.1,38700,41400,46800,0.0067,0.0092,20,75,304.8,3390,ACSS,0.0067,2.19816272965879e-05,3.01837270341207e-05,0
ACAR355,355,7-Dec,0.1367,0.1367,NaN,0.683,NaN,NaN,332.1,NaN,NaN,8500,0.0514,0.0624,20,75,304.8,519,ACAR,0.0514,0.000168635170603675,0.000204724409448819,0
ACAR465.9,465.9,7-Dec,0.1566,0.1566,NaN,0.783,NaN,NaN,435.8,NaN,NaN,11000,0.0392,0.0477,20,75,304.8,616,ACAR,0.0392,0.000128608923884514,0.000156496062992126,0
ACAR503.6,503.6,7-Dec,0.1628,0.1628,NaN,0.814,NaN,NaN,471.1,NaN,NaN,11900,0.0362,0.0441,20,75,304.8,646,ACAR,0.0362,0.000118766404199475,0.000144685039370079,0
ACAR653.1,653.1,7-Dec,0.1854,0.1854,NaN,0.927,NaN,NaN,611,NaN,NaN,15400,0.0279,0.0342,20,75,304.8,760,ACAR,0.0279,9.15354330708661e-05,0.000112204724409449,0
ACAR739.8,739.8,30/7,0.1414,0.1414,NaN,0.99,NaN,NaN,692.7,NaN,NaN,15300,0.024,0.0296,20,75,304.8,831,ACAR,0.024,7.8740157480315e-05,9.71128608923885e-05,0
ACAR739.8,739.8,18/19,0.1414,0.1414,NaN,0.99,NaN,NaN,691.6,NaN,NaN,18800,0.0252,0.0308,20,75,304.8,814,ACAR,0.0252,8.26771653543307e-05,0.000101049868766404,0
ACAR853.7,853.7,30/7,0.1519,0.1519,NaN,1.063,NaN,NaN,799.3,NaN,NaN,17500,0.0208,0.0257,20,75,304.8,907,ACAR,0.0208,6.8241469816273e-05,8.43175853018373e-05,0
ACAR853.7,853.7,18/19,0.1519,0.1519,NaN,1.063,NaN,NaN,798,NaN,NaN,21500,0.0218,0.0268,20,75,304.8,890,ACAR,0.0218,7.15223097112861e-05,8.79265091863517e-05,0
ACAR927.2,927.2,30/7,0.1583,0.1583,NaN,1.108,NaN,NaN,868.2,NaN,NaN,19000,0.0192,0.0238,20,75,304.8,955,ACAR,0.0192,6.2992125984252e-05,7.80839895013123e-05,0
ACAR927.2,927.2,18/19,0.1583,0.1583,NaN,1.108,NaN,NaN,866.7,NaN,NaN,23400,0.0201,0.0247,20,75,304.8,936,ACAR,0.0201,6.59448818897638e-05,8.10367454068241e-05,0
ACAR1024.5,1024.5,30/7,0.1664,0.1664,NaN,1.165,NaN,NaN,959.3,NaN,NaN,20900,0.0173,0.0216,20,75,304.8,1015,ACAR,0.0173,5.6758530183727e-05,7.08661417322835e-05,0
ACAR1024.5,1024.5,18/19,0.1664,0.1664,NaN,1.165,NaN,NaN,957.7,NaN,NaN,25800,0.0182,0.0225,20,75,304.8,995,ACAR,0.0182,5.97112860892388e-05,7.38188976377953e-05,0
ACAR1081,1081,30/7,0.1709,0.1709,NaN,1.196,NaN,NaN,1012.1,NaN,NaN,22100,0.0164,0.0205,20,75,304.8,1048,ACAR,0.0164,5.38057742782152e-05,6.7257217847769e-05,0
ACAR1081,1081,18/19,0.1709,0.1709,NaN,1.196,NaN,NaN,1010.5,NaN,NaN,27200,0.0172,0.0213,20,75,304.8,1028,ACAR,0.0172,5.64304461942257e-05,6.98818897637795e-05,0
ACAR1109,1109,30/7,0.1731,0.1731,NaN,1.212,NaN,NaN,1038.4,NaN,NaN,22700,0.016,0.02,20,75,304.8,1065,ACAR,0.016,5.249343832021e-05,6.56167979002625e-05,0
ACAR1109,1109,18/19,0.1731,0.1731,NaN,1.212,NaN,NaN,1036.6,NaN,NaN,27900,0.0168,0.0208,20,75,304.8,1044,ACAR,0.0168,5.51181102362205e-05,6.8241469816273e-05,0
ACAR1172,1172,30/7,0.178,0.178,NaN,1.246,NaN,NaN,1097.3,NaN,NaN,24000,0.0152,0.019,20,75,304.8,1101,ACAR,0.0152,4.98687664041995e-05,6.23359580052493e-05,0
ACAR1172,1172,18/19,0.178,0.178,NaN,1.246,NaN,NaN,1095.5,NaN,NaN,29500,0.0159,0.0198,20,75,304.8,1080,ACAR,0.0159,5.21653543307087e-05,6.49606299212598e-05,0
ACAR1197,1197,30/7,0.1799,0.1799,NaN,1.259,NaN,NaN,1120.8,NaN,NaN,24500,0.0148,0.0187,20,75,304.8,1115,ACAR,0.0148,4.85564304461942e-05,6.13517060367454e-05,0
ACAR1197,1197,18/19,0.1799,0.1799,NaN,1.259,NaN,NaN,1118.9,NaN,NaN,30200,0.0156,0.0194,20,75,304.8,1094,ACAR,0.0156,5.11811023622047e-05,6.36482939632546e-05,0
ACAR1280,1280,30/7,0.186,0.186,NaN,1.302,NaN,NaN,1198.5,NaN,NaN,26200,0.0139,0.0175,20,75,304.8,1160,ACAR,0.0139,4.56036745406824e-05,5.74146981627297e-05,0
ACAR1280,1280,18/19,0.186,0.186,NaN,1.302,NaN,NaN,1196.5,NaN,NaN,32200,0.0146,0.0182,20,75,304.8,1139,ACAR,0.0146,4.79002624671916e-05,5.97112860892388e-05,0
ACAR1361,1361,42/19,0.1494,0.1494,NaN,1.344,NaN,NaN,1273.6,NaN,NaN,30300,0.0133,0.0168,20,75,304.8,1196,ACAR,0.0133,4.36351706036745e-05,5.51181102362205e-05,0
ACAR1527,1527,42/19,0.1582,0.1582,NaN,1.424,NaN,NaN,1428.8,NaN,NaN,33600,0.0118,0.0151,20,75,304.8,1314,ACAR,0.0118,3.87139107611549e-05,4.95406824146982e-05,0
ACAR1703,1703,42/19,0.1671,0.1671,NaN,1.504,NaN,NaN,1593.5,NaN,NaN,37500,0.0106,0.0137,20,75,304.8,1363,ACAR,0.0106,3.47769028871391e-05,4.49475065616798e-05,0
ACAR1933,1933,42/19,0.178,0.178,NaN,1.602,NaN,NaN,1808.8,NaN,NaN,42500,0.00936,0.0123,20,75,304.8,1465,ACAR,0.00936,3.07086614173228e-05,4.03543307086614e-05,0
ACAR2267,2267,42/19,0.1928,0.1928,NaN,1.735,NaN,NaN,2142,NaN,NaN,49900,0.00806,0.0108,20,75,304.8,1594,ACAR,0.00806,2.64435695538058e-05,3.54330708661417e-05,0
ACAR2493,2493,72/19,0.1655,0.1655,NaN,1.821,NaN,NaN,2356.9,NaN,NaN,50400,0.00722,0.0099,20,75,304.8,1687,ACAR,0.00722,2.36876640419948e-05,3.24803149606299e-05,0
ACAR2493,2493,54/37,0.1655,0.1655,NaN,1.821,NaN,NaN,2354.5,NaN,NaN,57600,0.00743,0.0101,20,75,304.8,1670,ACAR,0.00743,2.43766404199475e-05,3.31364829396325e-05,0
Akron,30.58,7,0.0661,NaN,NaN,0.198,NaN,NaN,28.5,NaN,NaN,1110,0.659,0.785,20,75,304.8,107,AAAC,0.659,0.00216207349081365,0.0025754593175853,0
Alton,48.69,7,0.0834,NaN,NaN,0.25,NaN,NaN,45.4,NaN,NaN,1760,0.414,0.493,20,75,304.8,143,AAAC,0.414,0.00135826771653543,0.00161745406824147,0
Ames,77.47,7,0.1052,NaN,NaN,0.316,NaN,NaN,72.2,NaN,NaN,2800,0.26,0.31,20,75,304.8,191,AAAC,0.26,0.000853018372703412,0.00101706036745407,0
Azusa,123.3,7,0.1327,NaN,NaN,0.398,NaN,NaN,115,NaN,NaN,4280,0.163,0.195,20,75,304.8,256,AAAC,0.163,0.000534776902887139,0.000639763779527559,0
Anaheim,155.4,7,0.149,NaN,NaN,0.447,NaN,NaN,144.9,NaN,NaN,5390,0.13,0.154,20,75,304.8,296,AAAC,0.13,0.000426509186351706,0.000505249343832021,0
Amherst,195.7,7,0.1672,NaN,NaN,0.502,NaN,NaN,182.5,NaN,NaN,6790,0.103,0.123,20,75,304.8,342,AAAC,0.103,0.000337926509186352,0.000403543307086614,0
Alliance,246.9,7,0.1878,NaN,NaN,0.563,NaN,NaN,230.2,NaN,NaN,8560,0.0816,0.0973,20,75,304.8,395,AAAC,0.0816,0.000267716535433071,0.000319225721784777,0
Butte,312.8,19,0.1283,NaN,NaN,0.642,NaN,NaN,291.7,NaN,NaN,10500,0.0644,0.0769,20,75,304.8,460,AAAC,0.0644,0.000211286089238845,0.000252296587926509,0
Canton,394.5,19,0.1441,NaN,NaN,0.721,NaN,NaN,367.9,NaN,NaN,13300,0.0511,0.061,20,75,304.8,532,AAAC,0.0511,0.000167650918635171,0.000200131233595801,0
Cairo,465.4,19,0.1565,NaN,NaN,0.783,NaN,NaN,434,NaN,NaN,15600,0.0433,0.0518,20,75,304.8,590,AAAC,0.0433,0.000142060367454068,0.00016994750656168,0
Darien,559.5,19,0.1716,NaN,NaN,0.858,NaN,NaN,521.7,NaN,NaN,18800,0.036,0.0431,20,75,304.8,663,AAAC,0.036,0.000118110236220472,0.000141404199475066,0
Elgin,652.4,19,0.1853,NaN,NaN,0.927,NaN,NaN,608.4,NaN,NaN,21900,0.0309,0.0371,20,75,304.8,729,AAAC,0.0309,0.000101377952755906,0.000121719160104987,0
Flint,740.8,37,0.1415,NaN,NaN,0.991,NaN,NaN,690.8,NaN,NaN,24400,0.0272,0.0327,20,75,304.8,790,AAAC,0.0272,8.9238845144357e-05,0.000107283464566929,0
Greeley,927.2,37,0.1583,NaN,NaN,1.108,NaN,NaN,864.6,NaN,NaN,30500,0.0217,0.0263,20,75,304.8,908,AAAC,0.0217,7.11942257217848e-05,8.62860892388451e-05,0
Peachbell,6,7,0.0612,NaN,NaN,0.184,NaN,NaN,25,NaN,NaN,563,0.658,0.805,20,75,304.8,103,AAC,0.658,0.00215879265091864,0.00264107611548556,0
Rose,4,7,0.0772,NaN,NaN,0.232,NaN,NaN,39,NaN,NaN,881,0.414,0.506,20,75,304.8,138,AAC,0.414,0.00135826771653543,0.00166010498687664,0
Iris,2,7,0.0974,NaN,NaN,0.292,NaN,NaN,62,NaN,NaN,1350,0.26,0.318,20,75,304.8,185,AAC,0.26,0.000853018372703412,0.00104330708661417,0
Pansy,1,7,0.1093,NaN,NaN,0.328,NaN,NaN,78,NaN,NaN,1640,0.207,0.252,20,75,304.8,214,AAC,0.207,0.000679133858267717,0.000826771653543307,0
Poppy,-0,7,0.1228,NaN,NaN,0.368,NaN,NaN,99,NaN,NaN,1990,0.164,0.2,20,75,304.8,247,AAC,0.164,0.000538057742782152,0.000656167979002625,0
Aster,-0,7,0.1379,NaN,NaN,0.414,NaN,NaN,125,NaN,NaN,2510,0.13,0.159,20,75,304.8,286,AAC,0.13,0.000426509186351706,0.000521653543307087,0
Phlox,-0,7,0.1548,NaN,NaN,0.464,NaN,NaN,157,NaN,NaN,3040,0.103,0.126,20,75,304.8,331,AAC,0.103,0.000337926509186352,0.000413385826771654,0
Oxlip,-0,7,0.1739,NaN,NaN,0.522,NaN,NaN,198,NaN,NaN,3830,0.0817,0.0999,20,75,304.8,383,AAC,0.0817,0.000268044619422572,0.000327755905511811,0
Sneezewort,250,7,0.189,NaN,NaN,0.567,NaN,NaN,234,NaN,NaN,4520,0.0691,0.0846,20,75,304.8,425,AAC,0.0691,0.000226706036745407,0.00027755905511811,0
Valerian,250,19,0.1147,NaN,NaN,0.574,NaN,NaN,234,NaN,NaN,4660,0.0691,0.0846,20,75,304.8,426,AAC,0.0691,0.000226706036745407,0.00027755905511811,0
Daisy,266.8,7,0.1952,NaN,NaN,0.586,NaN,NaN,250,NaN,NaN,4830,0.0648,0.0793,20,75,304.8,443,AAC,0.0648,0.00021259842519685,0.000260170603674541,0
Laurel,266.8,19,0.1185,NaN,NaN,0.592,NaN,NaN,250,NaN,NaN,4970,0.0648,0.0793,20,75,304.8,444,AAC,0.0648,0.00021259842519685,0.000260170603674541,0
Peony,300,19,0.1257,NaN,NaN,0.628,NaN,NaN,281,NaN,NaN,5480,0.0576,0.0706,20,75,304.8,478,AAC,0.0576,0.000188976377952756,0.000231627296587926,0
Tulip,336.4,19,0.1331,NaN,NaN,0.665,NaN,NaN,315,NaN,NaN,6150,0.0514,0.063,20,75,304.8,513,AAC,0.0514,0.000168635170603675,0.000206692913385827,0
Daffodil,350,19,0.1357,NaN,NaN,0.679,NaN,NaN,328,NaN,NaN,6390,0.0494,0.0605,20,75,304.8,526,AAC,0.0494,0.000162073490813648,0.000198490813648294,0
Canna,397.5,19,0.1446,NaN,NaN,0.723,NaN,NaN,373,NaN,NaN,7110,0.0435,0.0534,20,75,304.8,570,AAC,0.0435,0.000142716535433071,0.000175196850393701,0
Goldentuft,450,19,0.1539,NaN,NaN,0.769,NaN,NaN,422,NaN,NaN,7890,0.0384,0.0472,20,75,304.8,616,AAC,0.0384,0.000125984251968504,0.000154855643044619,0
Cosmos,477,19,0.1584,NaN,NaN,0.792,NaN,NaN,447,NaN,NaN,8360,0.0362,0.0445,20,75,304.8,639,AAC,0.0362,0.000118766404199475,0.000145997375328084,0
Syringa,477,37,0.1135,NaN,NaN,0.795,NaN,NaN,447,NaN,NaN,8690,0.0362,0.0445,20,75,304.8,639,AAC,0.0362,0.000118766404199475,0.000145997375328084,0
Zinnia,500,19,0.1622,NaN,NaN,0.811,NaN,NaN,469,NaN,NaN,8760,0.0346,0.0425,20,75,304.8,658,AAC,0.0346,0.000113517060367454,0.000139435695538058,0
Hyacinth,500,37,0.1162,NaN,NaN,0.814,NaN,NaN,469,NaN,NaN,9110,0.0346,0.0425,20,75,304.8,658,AAC,0.0346,0.000113517060367454,0.000139435695538058,0
Dahlia,556.5,19,0.1711,NaN,NaN,0.856,NaN,NaN,522,NaN,NaN,9750,0.0311,0.0382,20,75,304.8,703,AAC,0.0311,0.000102034120734908,0.000125328083989501,0
Mistletoe,556.5,37,0.1226,NaN,NaN,0.858,NaN,NaN,522,NaN,NaN,9940,0.0311,0.0382,20,75,304.8,704,AAC,0.0311,0.000102034120734908,0.000125328083989501,0
Meadowsweet,600,37,0.1273,NaN,NaN,0.891,NaN,NaN,562,NaN,NaN,10700,0.0228,0.0355,20,75,304.8,738,AAC,0.0228,7.48031496062992e-05,0.000116469816272966,0
Orchid,636,37,0.1311,NaN,NaN,0.918,NaN,NaN,596,NaN,NaN,11400,0.0272,0.0335,20,75,304.8,765,AAC,0.0272,8.9238845144357e-05,0.00010990813648294,0
Heuchera,650,37,0.1325,NaN,NaN,0.928,NaN,NaN,609,NaN,NaN,11600,0.0266,0.0328,20,75,304.8,775,AAC,0.0266,8.72703412073491e-05,0.00010761154855643,0
Verbena,700,37,0.1375,NaN,NaN,0.963,NaN,NaN,656,NaN,NaN,12500,0.0247,0.0305,20,75,304.8,812,AAC,0.0247,8.10367454068241e-05,0.0001000656167979,0
Flag,700,61,0.1071,NaN,NaN,0.964,NaN,NaN,656,NaN,NaN,12900,0.0247,0.0305,20,75,304.8,812,AAC,0.0247,8.10367454068241e-05,0.0001000656167979,0
Violet,715.5,37,0.1391,NaN,NaN,0.973,NaN,NaN,671,NaN,NaN,12800,0.0242,0.0299,20,75,304.8,823,AAC,0.0242,7.93963254593176e-05,9.80971128608924e-05,0
Nasturtium,715.5,61,0.1083,NaN,NaN,0.975,NaN,NaN,671,NaN,NaN,13100,0.0242,0.0299,20,75,304.8,823,AAC,0.0242,7.93963254593176e-05,9.80971128608924e-05,0
Petunia,750,37,0.1424,NaN,NaN,0.997,NaN,NaN,703,NaN,NaN,13100,0.023,0.0286,20,75,304.8,847,AAC,0.023,7.54593175853018e-05,9.38320209973753e-05,0
Cattail,750,61,0.1109,NaN,NaN,0.998,NaN,NaN,703,NaN,NaN,13500,0.023,0.0286,20,75,304.8,847,AAC,0.023,7.54593175853018e-05,9.38320209973753e-05,0
Arbutus,795,37,0.1466,NaN,NaN,1.026,NaN,NaN,745,NaN,NaN,13900,0.0217,0.027,20,75,304.8,878,AAC,0.0217,7.11942257217848e-05,8.85826771653543e-05,0
Lilac,795,61,0.1142,NaN,NaN,1.027,NaN,NaN,745,NaN,NaN,14300,0.0217,0.027,20,75,304.8,879,AAC,0.0217,7.11942257217848e-05,8.85826771653543e-05,0
Cockscomb,900,37,0.156,NaN,NaN,1.092,NaN,NaN,844,NaN,NaN,15400,0.0192,0.0239,20,75,304.8,948,AAC,0.0192,6.2992125984252e-05,7.84120734908136e-05,0
Snapdragon,900,61,0.1215,NaN,NaN,1.093,NaN,NaN,844,NaN,NaN,15900,0.0192,0.0239,20,75,304.8,948,AAC,0.0192,6.2992125984252e-05,7.84120734908136e-05,0
Magnolia,954,37,0.1606,NaN,NaN,1.124,NaN,NaN,894,NaN,NaN,16400,0.0181,0.0226,20,75,304.8,982,AAC,0.0181,5.93832020997375e-05,7.41469816272966e-05,0
Goldenrod,954,61,0.1251,NaN,NaN,1.125,NaN,NaN,894,NaN,NaN,16900,0.0181,0.0226,20,75,304.8,983,AAC,0.0181,5.93832020997375e-05,7.41469816272966e-05,0
Hawkweed,1000,37,0.1644,NaN,NaN,1.151,NaN,NaN,937,NaN,NaN,17200,0.0173,0.0216,20,75,304.8,1010,AAC,0.0173,5.6758530183727e-05,7.08661417322835e-05,0
Camellia,1000,61,0.128,NaN,NaN,1.152,NaN,NaN,937,NaN,NaN,17700,0.0713,0.0216,20,75,304.8,1011,AAC,0.0713,0.000233923884514436,7.08661417322835e-05,0
Bluebell,1033.5,37,0.1671,NaN,NaN,1.17,NaN,NaN,969,NaN,NaN,17700,0.0167,0.021,20,75,304.8,1031,AAC,0.0167,5.47900262467192e-05,6.88976377952756e-05,0
Larkspur,1033.5,61,0.1302,NaN,NaN,1.171,NaN,NaN,969,NaN,NaN,18300,0.0167,0.021,20,75,304.8,1032,AAC,0.0167,5.47900262467192e-05,6.88976377952756e-05,0
Marigold,1113,61,0.1351,NaN,NaN,1.216,NaN,NaN,1043,NaN,NaN,19700,0.0155,0.0195,20,75,304.8,1079,AAC,0.0155,5.08530183727034e-05,6.39763779527559e-05,0
Hawthorn,1192.5,61,0.1398,NaN,NaN,1.258,NaN,NaN,1118,NaN,NaN,21100,0.0145,0.0183,20,75,304.8,1124,AAC,0.0145,4.75721784776903e-05,6.00393700787402e-05,0
Narcissus,1272,61,0.1444,NaN,NaN,1.3,NaN,NaN,1192,NaN,NaN,22000,0.0136,0.0173,20,75,304.8,1169,AAC,0.0136,4.46194225721785e-05,5.6758530183727e-05,0
Columbine,1351.5,61,0.1488,NaN,NaN,1.34,NaN,NaN,1267,NaN,NaN,23400,0.0128,0.0163,20,75,304.8,1212,AAC,0.0128,4.1994750656168e-05,5.34776902887139e-05,0
Carnation,1431,61,0.1532,NaN,NaN,1.378,NaN,NaN,1341,NaN,NaN,24300,0.0121,0.0155,20,75,304.8,1253,AAC,0.0121,3.96981627296588e-05,5.08530183727034e-05,0
Gladiolus,1510.5,61,0.1574,NaN,NaN,1.416,NaN,NaN,1416,NaN,NaN,25600,0.0144,0.0147,20,75,304.8,1294,AAC,0.0144,4.7244094488189e-05,4.82283464566929e-05,0
Coreopsis,1590,61,0.1614,NaN,NaN,1.453,NaN,NaN,1490,NaN,NaN,27000,0.0109,0.0141,20,75,304.8,1333,AAC,0.0109,3.5761154855643e-05,4.6259842519685e-05,0
Jessamine,1750,61,0.1694,NaN,NaN,1.524,NaN,NaN,1640,NaN,NaN,29700,0.00988,0.0129,20,75,304.8,1408,AAC,0.00988,3.24146981627297e-05,4.23228346456693e-05,0
Cowslip,2000,91,0.1482,NaN,NaN,1.631,NaN,NaN,1875,NaN,NaN,34200,0.00864,0.0115,20,75,304.8,1518,AAC,0.00864,2.83464566929134e-05,3.77296587926509e-05,0
Sagebrush,2250,91,0.1572,NaN,NaN,1.73,NaN,NaN,2130,NaN,NaN,37500,0.00776,0.0105,20,75,304.8,1612,AAC,0.00776,2.54593175853018e-05,3.44488188976378e-05,0
Lupine,2500,91,0.1657,NaN,NaN,1.823,NaN,NaN,2366,NaN,NaN,41900,0.00698,0.00969,20,75,304.8,1706,AAC,0.00698,2.29002624671916e-05,3.17913385826772e-05,0
Bitterroot,2750,91,0.1738,NaN,NaN,1.912,NaN,NaN,2603,NaN,NaN,46100,0.00635,0.009,20,75,304.8,1793,AAC,0.00635,2.08333333333333e-05,2.95275590551181e-05,0
Trillium,3000,127,0.1537,NaN,NaN,1.998,NaN,NaN,2839,NaN,NaN,50300,0.00582,0.00834,20,75,304.8,1874,AAC,0.00582,1.90944881889764e-05,2.73622047244094e-05,0
Bluebonnet,3500,127,0.166,NaN,NaN,2.158,NaN,NaN,3345,NaN,NaN,58700,0.00499,0.00756,20,75,304.8,2024,AAC,0.00499,1.63713910761155e-05,2.48031496062992e-05,0
Partridge/ACSS/TW,266.8,<undefined>,NaN,NaN,0.2364,0.595,250.5,115.6,366.1,NaN,NaN,8880,0.3262,0.4009,20,75,1609.34,795,ACSSTW,0.3262,0.000202691786695167,0.000249108330122908,0
Linnet/ACSS/TW,336.4,<undefined>,NaN,NaN,0.2655,0.667,316.1,145.8,461.9,NaN,NaN,11200,0.2588,0.3181,20,75,1609.34,921,ACSSTW,0.2588,0.00016081126424497,0.000197658667528304,0
Oriole/ACSS/TW,336.4,<undefined>,NaN,NaN,0.3177,0.692,318.2,209.2,527.4,NaN,NaN,14800,0.2565,0.3151,20,75,1609.34,940,ACSSTW,0.2565,0.000159382106950675,0.000195794549318354,0
Flicker/ACSS/TW,477,<undefined>,NaN,NaN,0.282,0.776,447.8,164.5,612.3,NaN,NaN,13000,0.1831,0.2255,20,75,1609.34,1151,ACSSTW,0.1831,0.00011377334808058,0.000140119552114531,0
Hawk/ACSS/TW,477,<undefined>,NaN,NaN,0.3162,0.79,448.7,206.4,655.1,NaN,NaN,15600,0.1825,0.2247,20,75,1609.34,1159,ACSSTW,0.1825,0.00011340052443859,0.000139622453925212,0
Hen/ACSS/TW,477,<undefined>,NaN,NaN,0.3783,0.82,451.1,296.6,747.8,NaN,NaN,21000,0.1809,0.2225,20,75,1609.34,1181,ACSSTW,0.1809,0.00011240632805995,0.000138255433904582,0
Parakeet/ACSS/TW,556.5,<undefined>,NaN,NaN,0.3045,0.835,522.4,191.8,714.2,NaN,NaN,15200,0.1569,0.1935,20,75,1609.34,1271,ACSSTW,0.1569,9.74933823803547e-05,0.000120235624541738,0
Dove/ACSS/TW,556.5,<undefined>,NaN,NaN,0.3414,0.85,523.4,241.1,764.5,NaN,NaN,18200,0.1564,0.1928,20,75,1609.34,1282,ACSSTW,0.1564,9.71826960120298e-05,0.000119800663626083,0
Rook/ACSS/TW,636,<undefined>,NaN,NaN,0.3255,0.893,597,219.2,816.2,NaN,NaN,17300,0.1373,0.1696,20,75,1609.34,1386,ACSSTW,0.1373,8.53144767420185e-05,0.000105384816135807,0
Grosbeak/ACSS/TW,636,<undefined>,NaN,NaN,0.3648,0.909,601.5,275.8,877.3,NaN,NaN,20700,0.1369,0.1689,20,75,1609.34,1398,ACSSTW,0.1369,8.50659276473585e-05,0.000104949855220152,0
Scoter/ACSS/TW,636,<undefined>,NaN,NaN,0.4368,0.942,600.5,394.7,995.2,NaN,NaN,27400,0.1356,0.1672,20,75,1609.34,1427,ACSSTW,0.1356,8.42581430897138e-05,0.000103893521567848,0
Tern/ACSS/TW,795,<undefined>,NaN,NaN,0.2658,0.96,745.2,146.1,891.3,NaN,NaN,14200,0.1105,0.1373,20,75,1609.34,1580,ACSSTW,0.1105,6.86616873998036e-05,8.53144767420185e-05,0
Puffin/ACSS/TW,795,<undefined>,NaN,NaN,0.3168,0.98,745.9,228.5,974.4,NaN,NaN,17700,0.1101,0.1365,20,75,1609.34,1595,ACSSTW,0.1101,6.84131383051437e-05,8.48173785526986e-05,0
Condor/ACSS/TW,795,<undefined>,NaN,NaN,0.3639,0.993,746.3,273.9,1020,NaN,NaN,21700,0.1098,0.1361,20,75,1609.34,1604,ACSSTW,0.1098,6.82267264841488e-05,8.45688294580387e-05,0
Drake/ACSS/TW,795,<undefined>,NaN,NaN,0.408,1.01,747,344.3,1091.3,NaN,NaN,25900,0.1095,0.1355,20,75,1609.34,1616,ACSSTW,0.1095,6.80403146631538e-05,8.41960058160488e-05,0
Canary/ACSS/TW,900,<undefined>,NaN,NaN,0.3873,1.055,844.8,310.9,1155.7,NaN,NaN,24600,0.097,0.1205,20,75,1609.34,1739,ACSSTW,0.097,6.02731554550313e-05,7.48754147663017e-05,0
Phoenix/ACSS/TW,954,<undefined>,NaN,NaN,0.2511,1.044,897.7,130.4,1028,NaN,NaN,14200,0.0927,0.1187,20,75,1609.34,1740,ACSSTW,0.0927,5.76012526874371e-05,7.37569438403321e-05,0
Rail/ACSS/TW,954,<undefined>,NaN,NaN,0.2913,1.061,898.6,175.5,1074.1,NaN,NaN,16700,0.0926,0.1183,20,75,1609.34,1750,ACSSTW,0.0926,5.75391154137721e-05,7.35083947456721e-05,0
Cardinal/ACSS/TW,954,<undefined>,NaN,NaN,0.3987,1.08,895.5,328.8,1224.3,NaN,NaN,26000,0.0915,0.1138,20,75,1609.34,1806,ACSSTW,0.0915,5.68556054034573e-05,7.0712217430748e-05,0
Snowbird/ACSS/TW,1033.5,<undefined>,NaN,NaN,0.2613,1.089,972.5,141.2,1114,NaN,NaN,15400,0.0856,0.1098,20,75,1609.34,1834,ACSSTW,0.0856,5.31895062572235e-05,6.82267264841488e-05,0
Ortolan/ACSS/TW,1033.5,<undefined>,NaN,NaN,0.303,1.102,972.5,189.9,1162,NaN,NaN,18100,0.0854,0.1095,20,75,1609.34,1843,ACSSTW,0.0854,5.30652317098935e-05,6.80403146631538e-05,0
Curlew/ACSS/TW,1033.5,<undefined>,NaN,NaN,0.4149,1.132,970.1,356.1,1326.2,NaN,NaN,28200,0.0845,0.1053,20,75,1609.34,1903,ACSSTW,0.0845,5.25059962469087e-05,6.54305491692247e-05,0
Avocet/ACSS/TW,1113,<undefined>,NaN,NaN,0.2712,1.129,1047,152.1,1199,NaN,NaN,16300,0.0794,0.1022,20,75,1609.34,1925,ACSSTW,0.0794,4.93369952899947e-05,6.35042936856102e-05,0
Bluejay/ACSS/TW,1113,<undefined>,NaN,NaN,0.3147,1.143,1048,204.8,1253,NaN,NaN,19500,0.0793,0.1019,20,75,1609.34,1935,ACSSTW,0.0793,4.92748580163297e-05,6.33178818646153e-05,0
Finch/ACSS/TW,1113,<undefined>,NaN,NaN,0.431,1.185,1051,376.1,1427,NaN,NaN,30400,0.0789,0.101,20,75,1609.34,1965,ACSSTW,0.0789,4.90263089216698e-05,6.27586464016305e-05,0
Oxbird/ACSS/TW,1192.5,<undefined>,NaN,NaN,0.2808,1.17,1122.9,163.1,1286,NaN,NaN,17500,0.0741,0.0957,20,75,1609.34,2013,ACSSTW,0.0741,4.60437197857507e-05,5.94653708973865e-05,0
Bunting/ACSS/TW,1192.5,<undefined>,NaN,NaN,0.3255,1.181,1123.2,219.6,1342.8,NaN,NaN,20900,0.074,0.0954,20,75,1609.34,2023,ACSSTW,0.074,4.59815825120857e-05,5.92789590763916e-05,0
Grackle/ACSS/TW,1192.5,<undefined>,NaN,NaN,0.446,1.225,1127.8,402.9,1530.7,NaN,NaN,32600,0.0737,0.0944,20,75,1609.34,2055,ACSSTW,0.0737,4.57951706910908e-05,5.86575863397418e-05,0
Scissortail/ACSS/TW,1272,<undefined>,NaN,NaN,0.2901,1.203,1197,174,1371,NaN,NaN,18700,0.0695,0.09,20,75,1609.34,2098,ACSSTW,0.0695,4.31854051971616e-05,5.59235462984826e-05,0
Bittern/ACSS/TW,1272,<undefined>,NaN,NaN,0.3363,1.224,1197.6,234.9,1432.5,NaN,NaN,22300,0.0694,0.0897,20,75,1609.34,2110,ACSSTW,0.0694,4.31232679234966e-05,5.57371344774877e-05,0
Pheasant/ACSS/TW,1272,<undefined>,NaN,NaN,0.4605,1.26,1201,429.5,1630.5,NaN,NaN,34100,0.0691,0.0887,20,75,1609.34,2143,ACSSTW,0.0691,4.29368561025016e-05,5.51157617408379e-05,0
Dipper/ACSS/TW,1351.5,<undefined>,NaN,NaN,0.3465,1.256,1273,248.3,1521,NaN,NaN,23700,0.0653,0.0847,20,75,1609.34,2194,ACSSTW,0.0653,4.05756397032324e-05,5.26302707942386e-05,0
Martin/ACSS/TW,1351.5,<undefined>,NaN,NaN,0.4745,1.3,1276.1,456,1732.1,NaN,NaN,36200,0.065,0.0837,20,75,1609.34,2228,ACSSTW,0.065,4.03892278822374e-05,5.20088980575888e-05,0
Bobolink/ACSS/TW,1431,<undefined>,NaN,NaN,0.3567,1.291,1347,263.1,1611,NaN,NaN,25100,0.0617,0.0802,20,75,1609.34,2276,ACSSTW,0.0617,3.83386978512931e-05,4.98340934793145e-05,0
Plover/ACSS/TW,1431,<undefined>,NaN,NaN,0.4885,1.337,1351,483.2,1834,NaN,NaN,38400,0.0614,0.0793,20,75,1609.34,2313,ACSSTW,0.0614,3.81522860302981e-05,4.92748580163297e-05,0
Lapwing/ACSS/TW,1590,<undefined>,NaN,NaN,0.3759,1.358,1497.6,292.3,1789.9,NaN,NaN,27900,0.0555,0.0727,20,75,1609.34,2435,ACSSTW,0.0555,3.44861868840643e-05,4.5173797954441e-05,0
Falcon/ACSS/TW,1590,<undefined>,NaN,NaN,0.515,1.41,1502.8,537.2,2040,NaN,NaN,42600,0.0553,0.0717,20,75,1609.34,2477,ACSSTW,0.0553,3.43619123367343e-05,4.45524252177911e-05,0
Chukar/ACSS/TW,1780,<undefined>,NaN,NaN,0.437,1.445,1680.6,386.8,2067.4,NaN,NaN,35300,0.0495,0.0652,20,75,1609.34,2630,ACSSTW,0.0495,3.07579504641654e-05,4.05135024295674e-05,0
Bluebird/ACSS/TW,2156,<undefined>,NaN,NaN,0.4805,1.608,2045,467.5,2512,NaN,NaN,42100,0.0412,0.0543,20,75,1609.34,3014,ACSSTW,0.0412,2.5600556749972e-05,3.37405396000845e-05,0
Mohawk/ACSS/TW,571.7,<undefined>,NaN,NaN,0.309,0.85,537,197.5,734.5,NaN,NaN,15600,0.1527,0.1884,20,75,1609.34,1294,ACSSTW,0.1527,9.48836168864255e-05,0.000117066623584824,0
Calumet/ACSS/TW,565.3,<undefined>,NaN,NaN,0.3438,0.86,531.2,244.5,775.7,NaN,NaN,18400,0.154,0.1898,20,75,1609.34,1295,ACSSTW,0.154,9.56914014440702e-05,0.000117936545416133,0
Mystic/ACSS/TW,666.6,<undefined>,NaN,NaN,0.3732,0.913,630.4,230.3,860.7,NaN,NaN,18200,0.131,0.1619,20,75,1609.34,1431,ACSSTW,0.131,8.13998285011247e-05,0.000100600246063604,0
Oswego/ACSS/TW,664.8,<undefined>,NaN,NaN,0.3732,0.927,628.7,288.7,917.4,NaN,NaN,21700,0.1309,0.1616,20,75,1609.34,1439,ACSSTW,0.1309,8.13376912274597e-05,0.000100413834242609,0
Maumee/ACSS/TW,768.2,<undefined>,NaN,NaN,0.3585,0.977,721.1,265.9,987,NaN,NaN,21000,0.1137,0.1407,20,75,1609.34,1569,ACSSTW,0.1137,7.0650080157083e-05,8.74271440466278e-05,0
Wabash/ACSS/TW,762.8,<undefined>,NaN,NaN,0.3993,0.99,716.7,329.8,1046.5,NaN,NaN,24900,0.1141,0.1411,20,75,1609.34,1573,ACSSTW,0.1141,7.0898629251743e-05,8.76756931412877e-05,0
Kettle/ACSS/TW,957.2,<undefined>,NaN,NaN,0.2919,1.06,901.6,176.2,1078,NaN,NaN,16800,0.0922,0.118,20,75,1609.34,1753,ACSSTW,0.0922,5.72905663191122e-05,7.33219829246772e-05,0
Fraser/ACSS/TW,946.7,<undefined>,NaN,NaN,0.3462,1.077,892.6,247.9,1141,NaN,NaN,21100,0.093,0.1187,20,75,1609.34,1756,ACSSTW,0.093,5.7787664508432e-05,7.37569438403321e-05,0
Columbia/ACSS/TW,966.2,<undefined>,NaN,NaN,0.4014,1.092,906.9,333.2,1240,NaN,NaN,26400,0.0904,0.1124,20,75,1609.34,1822,ACSSTW,0.0904,5.61720953931425e-05,6.98422955994383e-05,0
Suwannee/ACSS/TW,959.6,<undefined>,NaN,NaN,0.4479,1.11,901.6,415,1316.6,NaN,NaN,30700,0.0907,0.1127,20,75,1609.34,1828,ACSSTW,0.0907,5.63585072141375e-05,7.00287074204332e-05,0
Cheyenne/ACSS/TW,1168.1,<undefined>,NaN,NaN,0.2778,1.155,1099,159.6,1259,NaN,NaN,17200,0.0757,0.0979,20,75,1609.34,1986,ACSSTW,0.0757,4.70379161643904e-05,6.08323909180161e-05,0
Genesee/ACSS/TW,1158,<undefined>,NaN,NaN,0.3234,1.165,1092,216,1308,NaN,NaN,20500,0.0762,0.0981,20,75,1609.34,1985,ACSSTW,0.0762,4.73486025327153e-05,6.0956665465346e-05,0
Hudson/ACSS/TW,1158.4,<undefined>,NaN,NaN,0.4401,1.196,1087.3,400.7,1488,NaN,NaN,31100,0.0754,0.0943,20,75,1609.34,2051,ACSSTW,0.0754,4.68515043433954e-05,5.85954490660768e-05,0
Catawba/ACSS/TW,1272,<undefined>,NaN,NaN,0.2901,1.203,1197,174,1371,NaN,NaN,18700,0.0695,0.09,20,75,1609.34,2098,ACSSTW,0.0695,4.31854051971616e-05,5.59235462984826e-05,0
Nelson/ACSS/TW,1257.1,<undefined>,NaN,NaN,0.3345,1.213,1184,231.4,1415,NaN,NaN,22100,0.0702,0.0907,20,75,1609.34,2094,ACSSTW,0.0702,4.36203661128164e-05,5.63585072141375e-05,0
Yukon/ACSS/TW,1233.6,<undefined>,NaN,NaN,0.455,1.245,1166.7,419.3,1586,NaN,NaN,33200,0.0712,0.0914,20,75,1609.34,2101,ACSSTW,0.0712,4.42417388494662e-05,5.67934681297923e-05,0
Truckee/ACSS/TW,1372.5,<undefined>,NaN,NaN,0.3012,1.248,1292,187.6,1479,NaN,NaN,20200,0.0644,0.0838,20,75,1609.34,2203,ACSSTW,0.0644,4.00164042402476e-05,5.20710353312538e-05,0
Mackenzie/ACSS/TW,1359.7,<undefined>,NaN,NaN,0.3477,1.259,1281,250,1531,NaN,NaN,23900,0.0649,0.0842,20,75,1609.34,2202,ACSSTW,0.0649,4.03270906085725e-05,5.23195844259137e-05,0
Thames/ACSS/TW,1334.6,<undefined>,NaN,NaN,0.472,1.29,1260.1,451.2,1711.3,NaN,NaN,35800,0.0658,0.0847,20,75,1609.34,2209,ACSSTW,0.0658,4.08863260715573e-05,5.26302707942386e-05,0
St.Croix/ACSS/TW,NaN,<undefined>,NaN,NaN,0.3123,1.292,1381,201.7,1583,NaN,NaN,21600,0.0602,0.0787,20,75,1609.34,2302,ACSSTW,0.0602,3.74066387463184e-05,4.89020343743398e-05,0
Miramichi/ACSS/TW,1455.3,<undefined>,NaN,NaN,0.36,1.302,1372,268,1640,NaN,NaN,25600,0.0607,0.079,20,75,1609.34,2338,ACSSTW,0.0607,3.77173251146433e-05,4.90884461953347e-05,0
Merrimack/ACSS/TW,1433.6,<undefined>,NaN,NaN,0.489,1.34,1355.8,484.3,1840.1,NaN,NaN,42000,0.0613,0.0791,20,75,1609.34,2354,ACSSTW,0.0613,3.80901487566332e-05,4.91505834689997e-05,0
Platte/ACSS/TW,1569,<undefined>,NaN,NaN,0.3222,1.334,1478,215,1693,NaN,NaN,24600,0.0564,0.074,20,75,1609.34,2439,ACSSTW,0.0564,3.50454223470491e-05,4.59815825120857e-05,0
Potomac/ACSS/TW,1557.4,<undefined>,NaN,NaN,0.3723,1.35,1466.9,288.1,1755,NaN,NaN,29000,0.0567,0.0741,20,75,1609.34,2441,ACSSTW,0.0567,3.5231834168044e-05,4.60437197857507e-05,0
RioGrande/ACSS/TW,NaN,<undefined>,NaN,NaN,0.506,1.38,1449,519,1968,NaN,NaN,45000,0.0573,0.0742,20,75,1609.34,2456,ACSSTW,0.0573,3.56046578100339e-05,4.61058570594157e-05,0
Schuylkill/ACSS/TW,1657.4,<undefined>,NaN,NaN,0.384,1.386,1563,305,1868,NaN,NaN,30900,0.0533,0.07,20,75,1609.34,2539,ACSSTW,0.0533,3.31191668634347e-05,4.34960915654865e-05,0
Pecos/ACSS/TW,1622,<undefined>,NaN,NaN,0.532,1.42,1533.7,573.2,2106.9,NaN,NaN,49300,0.0541,0.0703,20,75,1609.34,2551,ACSSTW,0.0541,3.36162650527545e-05,4.36825033864814e-05,0
PeeDee/ACSS/TW,NaN,<undefined>,NaN,NaN,0.3957,1.427,1656.4,323.9,1980.3,NaN,NaN,32800,0.0502,0.0663,20,75,1609.34,2637,ACSSTW,0.0502,3.11929113798203e-05,4.11970124398822e-05,0
James/ACSS/TW,1730.6,<undefined>,NaN,NaN,0.5375,1.47,1636,585,2221,NaN,NaN,50800,0.0508,0.0663,20,75,1609.34,2657,ACSSTW,0.0508,3.15657350218102e-05,4.11970124398822e-05,0
Athabaska/ACSS/TW,1949.6,<undefined>,NaN,NaN,0.4176,1.504,1836,360.7,2197,NaN,NaN,36500,0.0453,0.0595,20,75,1609.34,2808,ACSSTW,0.0453,2.81481849702362e-05,3.69716778306635e-05,0
Cumberland/ACSS/TW,1926.9,<undefined>,NaN,NaN,0.5665,1.55,1821,650,2471,NaN,NaN,56400,0.0456,0.06,20,75,1609.34,2802,ACSSTW,0.0456,2.83345967912312e-05,3.72823641989884e-05,0
Powder/ACSS/TW,2153.8,<undefined>,NaN,NaN,0.4805,1.602,2042.5,396.1,2438.6,NaN,NaN,45500,0.0412,0.0543,20,75,1609.34,3009,ACSSTW,0.0412,2.5600556749972e-05,3.37405396000845e-05,0
Santee/ACSS/TW,2627.3,<undefined>,NaN,NaN,0.531,1.761,2491.5,571.1,3062.6,NaN,NaN,55600,0.0338,0.0459,20,75,1609.34,3403,ACSSTW,0.0338,2.10023984987635e-05,2.85210086122261e-05,0
Tulip/TW,336.4,<undefined>,NaN,NaN,NaN,0.612,NaN,NaN,315.2,NaN,NaN,6220,0.0514,0.063,25,75,304.8,502,AACTW,0.0514,0.000168635170603675,0.000206692913385827,0
Canna/TW,397.5,<undefined>,NaN,NaN,NaN,0.661,NaN,NaN,372.4,NaN,NaN,7230,0.0435,0.0534,25,75,304.8,557,AACTW,0.0435,0.000142716535433071,0.000175196850393701,0
Cosmos/TW,477,<undefined>,NaN,NaN,NaN,0.72,NaN,NaN,446.9,NaN,NaN,8530,0.0363,0.0445,25,75,304.8,623,AACTW,0.0363,0.000119094488188976,0.000145997375328084,0
Zinnia/TW,500,<undefined>,NaN,NaN,NaN,0.736,NaN,NaN,468.4,NaN,NaN,8940,0.0346,0.0425,25,75,304.8,641,AACTW,0.0346,0.000113517060367454,0.000139435695538058,0
Mistletoe/TW,556.5,<undefined>,NaN,NaN,NaN,0.775,NaN,NaN,521.3,NaN,NaN,9950,0.0311,0.0383,25,75,304.8,685,AACTW,0.0311,0.000102034120734908,0.000125656167979003,0
Meadowsweet/TW,600,<undefined>,NaN,NaN,NaN,0.803,NaN,NaN,652.1,NaN,NaN,10700,0.0288,0.0355,25,75,304.8,718,AACTW,0.0288,9.44881889763779e-05,0.000116469816272966,0
Orchid/TW,636,<undefined>,NaN,NaN,NaN,0.825,NaN,NaN,595.8,NaN,NaN,11400,0.0272,0.0335,25,75,304.8,744,AACTW,0.0272,8.9238845144357e-05,0.00010990813648294,0
Verbena/TW,700,<undefined>,NaN,NaN,NaN,0.864,NaN,NaN,655.7,NaN,NaN,12500,0.0247,0.0305,25,75,304.8,789,AACTW,0.0247,8.10367454068241e-05,0.0001000656167979,0
Nasturtium/TW,750,<undefined>,NaN,NaN,NaN,0.893,NaN,NaN,702.6,NaN,NaN,13400,0.023,0.0286,25,75,304.8,823,AACTW,0.023,7.54593175853018e-05,9.38320209973753e-05,0
Arbutus/TW,795,<undefined>,NaN,NaN,NaN,0.919,NaN,NaN,744.7,NaN,NaN,13900,0.0217,0.027,25,75,304.8,853,AACTW,0.0217,7.11942257217848e-05,8.85826771653543e-05,0
Cockscomb/TW,900,<undefined>,NaN,NaN,NaN,0.99,NaN,NaN,846.6,NaN,NaN,15800,0.0192,0.0239,25,75,304.8,924,AACTW,0.0192,6.2992125984252e-05,7.84120734908136e-05,0
Magnolia/TW,954,<undefined>,NaN,NaN,NaN,1.018,NaN,NaN,897.4,NaN,NaN,16700,0.0181,0.0226,25,75,304.8,957,AACTW,0.0181,5.93832020997375e-05,7.41469816272966e-05,0
Hawkweed/TW,1000,<undefined>,NaN,NaN,NaN,1.041,NaN,NaN,940.6,NaN,NaN,17500,0.0173,0.0216,25,75,304.8,984,AACTW,0.0173,5.6758530183727e-05,7.08661417322835e-05,0
Bluebell/TW,1033.5,<undefined>,NaN,NaN,NaN,1.057,NaN,NaN,972.2,NaN,NaN,18100,0.0167,0.021,25,75,304.8,1004,AACTW,0.0167,5.47900262467192e-05,6.88976377952756e-05,0
Marigold/TW,1113,<undefined>,NaN,NaN,NaN,1.095,NaN,NaN,1047,NaN,NaN,19500,0.0155,0.0195,25,75,304.8,1049,AACTW,0.0155,5.08530183727034e-05,6.39763779527559e-05,0
Hawthorn/TW,1192.5,<undefined>,NaN,NaN,NaN,1.132,NaN,NaN,1122,NaN,NaN,20900,0.0145,0.0183,25,75,304.8,1094,AACTW,0.0145,4.75721784776903e-05,6.00393700787402e-05,0
Narcissus/TW,1272,<undefined>,NaN,NaN,NaN,1.168,NaN,NaN,1196,NaN,NaN,22300,0.0136,0.0173,25,75,304.8,1136,AACTW,0.0136,4.46194225721785e-05,5.6758530183727e-05,0
Columbine/TW,1351.5,<undefined>,NaN,NaN,NaN,1.202,NaN,NaN,1271,NaN,NaN,23700,0.0128,0.0163,25,75,304.8,1177,AACTW,0.0128,4.1994750656168e-05,5.34776902887139e-05,0
Carnation/TW,1431,<undefined>,NaN,NaN,NaN,1.236,NaN,NaN,1346,NaN,NaN,24600,0.0121,0.0155,25,75,304.8,1218,AACTW,0.0121,3.96981627296588e-05,5.08530183727034e-05,0
Coreopsis/TW,1590,<undefined>,NaN,NaN,NaN,1.315,NaN,NaN,1503,NaN,NaN,27300,0.0109,0.0141,25,75,304.8,1298,AACTW,0.0109,3.5761154855643e-05,4.6259842519685e-05,0
Jessamine/TW,1750,<undefined>,NaN,NaN,NaN,1.377,NaN,NaN,1654,NaN,NaN,30000,0.0099,0.0129,25,75,304.8,1371,AACTW,0.0099,3.24803149606299e-05,4.23228346456693e-05,0
Cowslip/TW,2000,<undefined>,NaN,NaN,NaN,1.468,NaN,NaN,1890,NaN,NaN,34500,0.0086,0.0115,25,75,304.8,1477,AACTW,0.0086,2.82152230971129e-05,3.77296587926509e-05,0
Lupine/TW,2500,<undefined>,NaN,NaN,NaN,1.648,NaN,NaN,2369,NaN,NaN,42400,0.007,0.0097,25,75,304.8,1661,AACTW,0.007,2.29658792650919e-05,3.18241469816273e-05,0
Trillium/TW,3000,<undefined>,NaN,NaN,NaN,1.799,NaN,NaN,2843,NaN,NaN,50900,0.0058,0.0084,25,75,304.8,1822,AACTW,0.0058,1.90288713910761e-05,2.75590551181102e-05,0
Logan/TW,322.5,<undefined>,NaN,NaN,NaN,0.6,NaN,NaN,302.1,NaN,NaN,5960,0.0536,0.0657,25,75,304.8,489,AACTW,0.0536,0.000175853018372703,0.000215551181102362,0
Wheeler/TW,449.4,<undefined>,NaN,NaN,NaN,0.7,NaN,NaN,421,NaN,NaN,8030,0.0385,0.0472,25,75,304.8,601,AACTW,0.0385,0.000126312335958005,0.000154855643044619,0
Robson/TW,595.8,<undefined>,NaN,NaN,NaN,0.8,NaN,NaN,558.2,NaN,NaN,10700,0.029,0.0358,25,75,304.8,715,AACTW,0.029,9.51443569553806e-05,0.00011745406824147,0
McKinley/TW,761.5,<undefined>,NaN,NaN,NaN,0.9,NaN,NaN,713.3,NaN,NaN,13400,0.0227,0.0281,25,75,304.8,831,AACTW,0.0227,7.44750656167979e-05,9.21916010498688e-05,0
Rainier/TW,918.8,<undefined>,NaN,NaN,NaN,1,NaN,NaN,864.3,NaN,NaN,16100,0.0188,0.0235,25,75,304.8,935,AACTW,0.0188,6.16797900262467e-05,7.70997375328084e-05,0
Helens/TW,1123.1,<undefined>,NaN,NaN,NaN,1.1,NaN,NaN,1056,NaN,NaN,19700,0.0154,0.0194,25,75,304.8,1055,AACTW,0.0154,5.05249343832021e-05,6.36482939632546e-05,0
Baker/TW,1346.8,<undefined>,NaN,NaN,NaN,1.2,NaN,NaN,1267,NaN,NaN,23600,0.0128,0.0164,25,75,304.8,1175,AACTW,0.0128,4.1994750656168e-05,5.38057742782152e-05,0
Hood/TW,1583.2,<undefined>,NaN,NaN,NaN,1.3,NaN,NaN,1489,NaN,NaN,27200,0.0109,0.0141,25,75,304.8,1292,AACTW,0.0109,3.5761154855643e-05,4.6259842519685e-05,0
Whitney/TW,1812.7,<undefined>,NaN,NaN,NaN,1.4,NaN,NaN,1713,NaN,NaN,31100,0.0095,0.0125,25,75,304.8,1398,AACTW,0.0095,3.11679790026247e-05,4.1010498687664e-05,0
Powell/TW,2093.6,<undefined>,NaN,NaN,NaN,1.5,NaN,NaN,1978,NaN,NaN,35900,0.0083,0.0112,25,75,304.8,1508,AACTW,0.0083,2.72309711286089e-05,3.6745406824147e-05,0
Jefferson/TW,2388.1,<undefined>,NaN,NaN,NaN,1.6,NaN,NaN,2256,NaN,NaN,40100,0.0073,0.01,25,75,304.8,1618,AACTW,0.0073,2.39501312335958e-05,3.28083989501312e-05,0
Shasta/TW,2667.2,<undefined>,NaN,NaN,NaN,1.7,NaN,NaN,2528,NaN,NaN,45200,0.0065,0.0092,25,75,304.8,1718,AACTW,0.0065,2.13254593175853e-05,3.01837270341207e-05,0
Adams/TW,3006.2,<undefined>,NaN,NaN,NaN,1.8,NaN,NaN,2848,NaN,NaN,51000,0.0059,0.0085,25,75,304.8,1818,AACTW,0.0059,1.93569553805774e-05,2.78871391076116e-05,0
Partridge/TW,266.8,<undefined>,NaN,NaN,0.2364,0.595,250,116,366,NaN,NaN,11200,0.3356,0.4103,20,75,1609.34,449,ACSRTW,0.3356,0.000208532690419675,0.000254949233847416,0
Linnet/TW,336.4,<undefined>,NaN,NaN,0.2655,0.667,316,146,462,NaN,NaN,14000,0.2662,0.3255,20,75,1609.34,519,ACSRTW,0.2662,0.000165409422496179,0.000202256825779512,0
Oriole/TW,336.4,<undefined>,NaN,NaN,0.3177,0.693,317,209,526,NaN,NaN,17100,0.265,0.3239,20,75,1609.34,525,ACSRTW,0.265,0.000164663775212199,0.000201262629400872,0
Merlin/TW,336.4,<undefined>,NaN,NaN,0.1367,0.63,315,50,365,NaN,NaN,8560,0.2693,0.3298,20,75,1609.34,508,ACSRTW,0.2693,0.000167335677979793,0.000204928728547106,0
Flicker/TW,477,<undefined>,NaN,NaN,0.282,0.776,448,165,613,NaN,NaN,17200,0.1884,0.2308,20,75,1609.34,641,ACSRTW,0.1884,0.000117066623584824,0.000143412827618775,0
Hawk/TW,477,<undefined>,NaN,NaN,0.3159,0.789,449,206,655,NaN,NaN,19400,0.1877,0.2299,20,75,1609.34,645,ACSRTW,0.1877,0.000116631662669169,0.000142853592155791,0
Hen/TW,477,<undefined>,NaN,NaN,0.3783,0.82,450,296,746,NaN,NaN,23600,0.1869,0.2287,20,75,1609.34,653,ACSRTW,0.1869,0.000116134564479849,0.000142107944871811,0
Parakeet/TW,556.5,<undefined>,NaN,NaN,0.3045,0.835,523,192,715,NaN,NaN,20000,0.1615,0.198,20,75,1609.34,707,ACSRTW,0.1615,0.000100351696968944,0.000123031801856662,0
Dove/TW,556.5,<undefined>,NaN,NaN,0.3414,0.852,524,241,765,NaN,NaN,22600,0.1609,0.1973,20,75,1609.34,711,ACSRTW,0.1609,9.99788733269539e-05,0.000122596840941007,0
Swift/TW,636,<undefined>,NaN,NaN,0.1329,0.85,599,47,646,NaN,NaN,13500,0.1435,0.1821,20,75,1609.34,740,ACSRTW,0.1435,8.91669877092473e-05,0.00011315197534393,0
Rook/TW,636,<undefined>,NaN,NaN,0.3255,0.89,597,219,816,NaN,NaN,22900,0.1413,0.1735,20,75,1609.34,767,ACSRTW,0.1413,8.77999676886177e-05,0.000107808169808741,0
Scoter/TW,636,<undefined>,NaN,NaN,0.4368,0.942,600,395,995,NaN,NaN,30400,0.1398,0.1714,20,75,1609.34,783,ACSRTW,0.1398,8.6867908583643e-05,0.000106503287061777,0
Grosbeak/TW,636,<undefined>,NaN,NaN,0.3648,0.908,599,275,873,NaN,NaN,25400,0.1408,0.1728,20,75,1609.34,772,ACSRTW,0.1408,8.74892813202928e-05,0.000107373208893087,0
Tern/TW,795,<undefined>,NaN,NaN,0.2658,0.96,746,146,892,NaN,NaN,21000,0.1138,0.1405,20,75,1609.34,869,ACSRTW,0.1138,7.0712217430748e-05,8.73028694992979e-05,0
Puffin/TW,795,<undefined>,NaN,NaN,0.3324,0.98,747,228,975,NaN,NaN,25900,0.1133,0.1397,20,75,1609.34,876,ACSRTW,0.1133,7.04015310624231e-05,8.6805771309978e-05,0
Condor/TW,795,<undefined>,NaN,NaN,0.3639,0.993,747,274,1021,NaN,NaN,28200,0.113,0.1392,20,75,1609.34,880,ACSRTW,0.113,7.02151192414282e-05,8.64950849416531e-05,0
Drake/TW,795,<undefined>,NaN,NaN,0.408,1.01,748,344,1092,NaN,NaN,31800,0.1126,0.1386,20,75,1609.34,886,ACSRTW,0.1126,6.99665701467682e-05,8.61222612996632e-05,0
Phoenix/TW,954,<undefined>,NaN,NaN,0.2511,1.044,898,131,1029,NaN,NaN,23700,0.0954,0.1217,20,75,1609.34,956,ACSRTW,0.0954,5.92789590763916e-05,7.56210620502815e-05,0
Rail/TW,954,<undefined>,NaN,NaN,0.2913,1.061,900,175,1075,NaN,NaN,25900,0.0953,0.1214,20,75,1609.34,960,ACSRTW,0.0953,5.92168218027266e-05,7.54346502292865e-05,0
Cardinal/TW,954,<undefined>,NaN,NaN,0.3987,1.084,897,329,1226,NaN,NaN,33500,0.0942,0.1164,20,75,1609.34,985,ACSRTW,0.0942,5.85333117924118e-05,7.23277865460375e-05,0
Snowbird/TW,1033.5,<undefined>,NaN,NaN,0.2613,1.089,974,141,1115,NaN,NaN,25700,0.088,0.1126,20,75,1609.34,1004,ACSRTW,0.088,5.4680800825183e-05,6.99665701467682e-05,0
Ortolan/TW,1033.5,<undefined>,NaN,NaN,0.303,1.102,975,190,1165,NaN,NaN,28100,0.0879,0.1123,20,75,1609.34,1008,ACSRTW,0.0879,5.4618663551518e-05,6.97801583257733e-05,0
Curlew/TW,1033.5,<undefined>,NaN,NaN,0.4149,1.129,971,356,1327,NaN,NaN,36300,0.0869,0.1077,20,75,1609.34,1035,ACSRTW,0.0869,5.39972908148682e-05,6.69218437371842e-05,0
Avocet/TW,1113,<undefined>,NaN,NaN,0.2712,1.129,1049,152,1201,NaN,NaN,27500,0.0818,0.1048,20,75,1609.34,1050,ACSRTW,0.0818,5.08282898579542e-05,6.51198628008997e-05,0
Bluejay/TW,1113,<undefined>,NaN,NaN,0.3147,1.143,1049,205,1254,NaN,NaN,30300,0.0816,0.1045,20,75,1609.34,1055,ACSRTW,0.0816,5.07040153106242e-05,6.49334509799048e-05,0
Finch/TW,1113,<undefined>,NaN,NaN,0.431,1.185,1053,376,1429,NaN,NaN,39100,0.0812,0.1035,20,75,1609.34,1071,ACSRTW,0.0812,5.04554662159643e-05,6.4312078243255e-05,0
Oxbird/TW,1192.5,<undefined>,NaN,NaN,0.2808,1.167,1123,163,1286,NaN,NaN,29500,0.0763,0.0981,20,75,1609.34,1095,ACSRTW,0.0763,4.74107398063803e-05,6.0956665465346e-05,0
Bunting/TW,1192.5,<undefined>,NaN,NaN,0.3255,1.181,1124,219,1343,NaN,NaN,32400,0.0762,0.0978,20,75,1609.34,1100,ACSRTW,0.0762,4.73486025327153e-05,6.07702536443511e-05,0
Grackel/TW,1192.5,<undefined>,NaN,NaN,0.446,1.225,1127,403,1530,NaN,NaN,41900,0.0758,0.0968,20,75,1609.34,1117,ACSRTW,0.0758,4.71000534380554e-05,6.01488809077013e-05,0
Scissortail/TW,1272,<undefined>,NaN,NaN,0.2901,1.203,1198,174,1372,NaN,NaN,31400,0.0715,0.0922,20,75,1609.34,1139,ACSRTW,0.0715,4.44281506704612e-05,5.72905663191122e-05,0
Bittern/TW,1272,<undefined>,NaN,NaN,0.3363,1.22,1198,235,1433,NaN,NaN,34600,0.0714,0.0919,20,75,1609.34,1145,ACSRTW,0.0714,4.43660133967962e-05,5.71041544981172e-05,0
Pheasant/TW,1272,<undefined>,NaN,NaN,0.4605,1.264,1202,430,1632,NaN,NaN,44100,0.0711,0.0909,20,75,1609.34,1162,ACSRTW,0.0711,4.41796015758013e-05,5.64827817614674e-05,0
Dipper/TW,1351.5,<undefined>,NaN,NaN,0.3465,1.256,1274,248,1522,NaN,NaN,36700,0.0672,0.0868,20,75,1609.34,1187,ACSRTW,0.0672,4.1756247902867e-05,5.39351535412032e-05,0
Martin/TW,1351.5,<undefined>,NaN,NaN,0.4745,1.3,1278,456,1734,NaN,NaN,46800,0.0669,0.0858,20,75,1609.34,1205,ACSRTW,0.0669,4.15698360818721e-05,5.33137808045534e-05,0
Bobolink/TW,1431,<undefined>,NaN,NaN,0.3567,1.291,1350,263,1613,NaN,NaN,38900,0.0635,0.0822,20,75,1609.34,1229,ACSRTW,0.0635,3.94571687772627e-05,5.10768389526141e-05,0
Plover/TW,1431,<undefined>,NaN,NaN,0.4885,1.337,1353,483,1836,NaN,NaN,49600,0.0632,0.0812,20,75,1609.34,1248,ACSRTW,0.0632,3.92707569562678e-05,5.04554662159643e-05,0
Lapwing/TW,1590,<undefined>,NaN,NaN,0.3759,1.358,1500,292,1792,NaN,NaN,42200,0.0572,0.0745,20,75,1609.34,1308,ACSRTW,0.0572,3.55425205363689e-05,4.62922688804106e-05,0
Falcon/TW,1590,<undefined>,NaN,NaN,0.515,1.408,1503,537,2040,NaN,NaN,55100,0.0569,0.0735,20,75,1609.34,1330,ACSRTW,0.0569,3.5356108715374e-05,4.56708961437608e-05,0
Chukar/TW,1780,<undefined>,NaN,NaN,0.437,1.445,1676,387,2063,NaN,NaN,50700,0.0509,0.0667,20,75,1609.34,1405,ACSRTW,0.0509,3.16278722954752e-05,4.14455615345421e-05,0
Bluebird/TW,2156,<undefined>,NaN,NaN,0.4805,1.608,2047,468,2515,NaN,NaN,61100,0.0424,0.0554,20,75,1609.34,1585,ACSRTW,0.0424,2.63462040339518e-05,3.44240496103993e-05,0
Monongahela/TW,405.1,<undefined>,NaN,NaN,0.152,0.68,380,61,441,NaN,NaN,10200,0.2236,0.2741,20,75,1609.34,568,ACSRTW,0.2236,0.000138938943914897,0.000170318267115712,0
Mohawk/TW,571.7,<undefined>,NaN,NaN,0.309,0.846,537,198,735,NaN,NaN,20600,0.1572,0.1928,20,75,1609.34,717,ACSRTW,0.1572,9.76797942013496e-05,0.000119800663626083,0
Calumet/TW,565.3,<undefined>,NaN,NaN,0.3441,0.858,531,245,776,NaN,NaN,22900,0.1584,0.1942,20,75,1609.34,717,ACSRTW,0.1584,9.84254414853294e-05,0.000120670585457392,0
Mystic/TW,666.6,<undefined>,NaN,NaN,0.3333,0.913,626,230,856,NaN,NaN,24000,0.1348,0.1656,20,75,1609.34,790,ACSRTW,0.1348,8.3761044900394e-05,0.000102899325189208,0
Oswego/TW,664.8,<undefined>,NaN,NaN,0.3732,0.927,625,288,913,NaN,NaN,26600,0.1347,0.1654,20,75,1609.34,793,ACSRTW,0.1347,8.3698907626729e-05,0.000102775050641878,0
Nechako/TW,768.9,<undefined>,NaN,NaN,0.152,0.93,724,61,785,NaN,NaN,16400,0.1187,0.151,20,75,1609.34,832,ACSRTW,0.1187,7.37569438403321e-05,9.38272832341208e-05,0
Maumee/TW,768.2,<undefined>,NaN,NaN,0.3585,0.977,722,266,988,NaN,NaN,27700,0.117,0.144,20,75,1609.34,862,ACSRTW,0.117,7.27006101880274e-05,8.94776740775722e-05,0
Wabash/TW,762.8,<undefined>,NaN,NaN,0.3993,0.99,717,330,1047,NaN,NaN,30500,0.1174,0.1446,20,75,1609.34,863,ACSRTW,0.1174,7.29491592826873e-05,8.98504977195621e-05,0
Kettle/TW,957.2,<undefined>,NaN,NaN,0.2919,1.06,903,176,1079,NaN,NaN,26000,0.0949,0.121,20,75,1609.34,962,ACSRTW,0.0949,5.89682727080667e-05,7.51861011346266e-05,0
Fraser/TW,946.7,<undefined>,NaN,NaN,0.3462,1.077,894,248,1142,NaN,NaN,29600,0.0957,0.1217,20,75,1609.34,963,ACSRTW,0.0957,5.94653708973865e-05,7.56210620502815e-05,0
Columbia/TW,966.2,<undefined>,NaN,NaN,0.4014,1.092,908,333,1241,NaN,NaN,34000,0.093,0.115,20,75,1609.34,993,ACSRTW,0.093,5.7787664508432e-05,7.14578647147278e-05,0
Suwannee/TW,959.6,<undefined>,NaN,NaN,0.4479,1.108,903,415,1318,NaN,NaN,37000,0.0933,0.1152,20,75,1609.34,996,ACSRTW,0.0933,5.7974076329427e-05,7.15821392620577e-05,0
Cheyenne/TW,1168.1,<undefined>,NaN,NaN,0.2778,1.155,1100,160,1260,NaN,NaN,28900,0.0779,0.1001,20,75,1609.34,1081,ACSRTW,0.0779,4.84049361850199e-05,6.21994109386457e-05,0
Genesee/TW,1158,<undefined>,NaN,NaN,0.3234,1.165,1092,216,1308,NaN,NaN,31600,0.0785,0.1005,20,75,1609.34,1081,ACSRTW,0.0785,4.87777598270098e-05,6.24479600333056e-05,0
Hudson/TW,1158.4,<undefined>,NaN,NaN,0.4401,1.196,1089,400,1489,NaN,NaN,39600,0.0776,0.0964,20,75,1609.34,1111,ACSRTW,0.0776,4.8218524364025e-05,5.99003318130414e-05,0
Catawba/TW,1272,<undefined>,NaN,NaN,0.2901,1.203,1198,174,1372,NaN,NaN,31400,0.0715,0.0922,20,75,1609.34,1139,ACSRTW,0.0715,4.44281506704612e-05,5.72905663191122e-05,0
Nelson/TW,1257.1,<undefined>,NaN,NaN,0.3345,1.213,1186,231,1417,NaN,NaN,34200,0.0723,0.093,20,75,1609.34,1137,ACSRTW,0.0723,4.4925248859781e-05,5.7787664508432e-05,0
Yukon/TW,1233.6,<undefined>,NaN,NaN,0.455,1.245,1167,419,1586,NaN,NaN,42900,0.0733,0.0937,20,75,1609.34,1140,ACSRTW,0.0733,4.55466215964308e-05,5.82226254240869e-05,0
Truckee/TW,1372.5,<undefined>,NaN,NaN,0.3012,1.248,1293,188,1481,NaN,NaN,33400,0.0663,0.0858,20,75,1609.34,1192,ACSRTW,0.0663,4.11970124398822e-05,5.33137808045534e-05,0
Mackenzie/TW,1359.7,<undefined>,NaN,NaN,0.3477,1.259,1280,250,1530,NaN,NaN,36900,0.0668,0.0863,20,75,1609.34,1192,ACSRTW,0.0668,4.15076988082071e-05,5.36244671728783e-05,0
Thames/TW,1334.6,<undefined>,NaN,NaN,0.472,1.29,1262,451,1713,NaN,NaN,46300,0.0677,0.0868,20,75,1609.34,1195,ACSRTW,0.0677,4.20669342711919e-05,5.39351535412032e-05,0
St.Croix/TW,1467.8,<undefined>,NaN,NaN,0.3123,1.292,1383,202,1585,NaN,NaN,35800,0.062,0.0806,20,75,1609.34,1241,ACSRTW,0.062,3.8525109672288e-05,5.00826425739744e-05,0
Miramichi/TW,1455.3,<undefined>,NaN,NaN,0.36,1.302,1372,268,1640,NaN,NaN,39200,0.0624,0.0809,20,75,1609.34,1241,ACSRTW,0.0624,3.87736587669479e-05,5.02690543949694e-05,0
Merrimack/TW,1433.6,<undefined>,NaN,NaN,0.489,1.34,1356,484,1840,NaN,NaN,49700,0.0631,0.0811,20,75,1609.34,1250,ACSRTW,0.0631,3.92086196826028e-05,5.03933289422993e-05,0
Platte/TW,1569,<undefined>,NaN,NaN,0.3222,1.334,1478,215,1693,NaN,NaN,38200,0.058,0.0758,20,75,1609.34,1291,ACSRTW,0.058,3.60396187256888e-05,4.71000534380554e-05,0
Potomac/TW,1557.4,<undefined>,NaN,NaN,0.3723,1.345,1468,287,1755,NaN,NaN,41900,0.0583,0.0759,20,75,1609.34,1292,ACSRTW,0.0583,3.62260305466837e-05,4.71621907117203e-05,0
RioGrande/TW,1533.3,<undefined>,NaN,NaN,0.506,1.382,1449,519,1968,NaN,NaN,53200,0.059,0.076,20,75,1609.34,1301,ACSRTW,0.059,3.66609914623386e-05,4.72243279853853e-05,0
Schuylkill/TW,1657.4,<undefined>,NaN,NaN,0.384,1.386,1563,305,1868,NaN,NaN,44000,0.0548,0.0717,20,75,1609.34,1341,ACSRTW,0.0548,3.40512259684094e-05,4.45524252177911e-05,0
Pecos/TW,1622,<undefined>,NaN,NaN,0.532,1.424,1533,574,2107,NaN,NaN,57500,0.0557,0.072,20,75,1609.34,1347,ACSRTW,0.0557,3.46104614313942e-05,4.47388370387861e-05,0
PeeDee/TW,1758.6,<undefined>,NaN,NaN,0.3957,1.427,1658,324,1982,NaN,NaN,46700,0.0517,0.0679,20,75,1609.34,1389,ACSRTW,0.0517,3.2124970484795e-05,4.21912088185219e-05,0
James/TW,1730.6,<undefined>,NaN,NaN,0.5375,1.47,1636,585,2221,NaN,NaN,59400,0.0522,0.0679,20,75,1609.34,1400,ACSRTW,0.0522,3.24356568531199e-05,4.21912088185219e-05,0
Athabaska/TW,1949.6,<undefined>,NaN,NaN,0.4176,1.504,1838,361,2199,NaN,NaN,51900,0.0466,0.0608,20,75,1609.34,1488,ACSRTW,0.0466,2.8955969527881e-05,3.77794623883083e-05,0
Cumberland/TW,1926.9,<undefined>,NaN,NaN,0.5665,1.545,1821,650,2471,NaN,NaN,65300,0.0469,0.0614,20,75,1609.34,1491,ACSRTW,0.0469,2.91423813488759e-05,3.81522860302981e-05,0
Powder/TW,2153.8,<undefined>,NaN,NaN,0.4805,1.602,2030,468,2498,NaN,NaN,61100,0.0424,0.0554,20,75,1609.34,1583,ACSRTW,0.0424,2.63462040339518e-05,3.44240496103993e-05,0
Santee/TW,2627.3,<undefined>,NaN,NaN,0.531,1.762,2477,571,3048,NaN,NaN,74500,0.0348,0.0468,20,75,1609.34,1768,ACSRTW,0.0348,2.16237712354133e-05,2.9080244075211e-05,0
