CodeWord,Size,Stranding,IndDiamAl,IndDiamSt,DiamStlCore,DiamCompleteCable,Weightper1000ftAl,Weightper1000ftStl,Weightper1000ftTotal,Al,Stl,RatedStrength,ResistanceDCLowdegc,ResistanceACHighdegc,LowTemp,HighTemp,MetersperResistanceInterval,AllowableAmpacity,Type,ResistanceACLowdegc,ResistanceACLowdegcMeter,ResistanceACHighdegcMeter,simulated,convergeCurrent,lowestRise,convergenceOrder,Cmax,Cmin
Turkey,6,1-Jun,0.0661,0.0661,0.0661,0.198,24,12,36,67.88,32.12,1190,0.641,0.806,20,75,304.8,105,ACSR,0.641,0.002103018,0.002644357,1,0.01,0.03246709,2.142685371,0.156440849,5.33E-09
Swan,4,1-Jun,0.0834,0.0834,0.0834,0.25,39,18,57,67.87,32.12,1860,0.403,0.515,20,75,304.8,140,ACSR,0.403,0.001322178,0.001689633,1,0.01,0.028205871,2.129691404,0.157116946,1.50E-08
Swanate,4,1-Jul,0.0772,0.103,0.103,0.257,39,28,67,58.1,41.9,2360,0.399,0.519,20,75,304.8,140,ACSR,0.399,0.001309055,0.001702756,1,0.01,0.026441301,2.123026358,0.156866013,2.48E-10
Sparrow,2,1-Jun,0.1052,0.1052,0.1052,0.316,62,29,91,67.9,32.1,2850,0.254,0.332,20,75,304.8,184,ACSR,0.254,0.000833333,0.001089239,1,0.01,0.023585343,2.111902252,0.157291144,1.51E-09
Sparate,2,1-Jul,0.0974,0.1298,0.1298,0.325,62,45,107,58.12,41.88,3460,0.251,0.338,20,75,304.8,184,ACSR,0.251,0.000823491,0.001108924,1,0.01,0.021535797,2.102497627,0.156603833,2.27E-09
Robin,1,1-Jun,0.1181,0.1181,0.1181,0.354,78,37,115,67.88,32.12,3550,0.201,0.268,20,75,304.8,212,ACSR,0.201,0.000659449,0.000879265,1,0.01,0.021427727,2.102294846,0.156973479,9.96E-09
Raven,0,1-Jun,0.1327,0.1327,0.1327,0.398,99,47,145,67.89,32.11,4380,0.159,0.217,20,75,304.8,242,ACSR,0.159,0.000521654,0.000711942,1,0.01,0.01888628,2.089773785,0.156603042,3.72E-09
Quail,0,1-Jun,0.1489,0.1489,0.1489,0.447,124,59,183,67.88,32.12,5310,0.126,0.176,20,75,304.8,276,ACSR,0.126,0.000413386,0.000577428,1,0.01,0.016609833,2.077150876,0.155985108,2.22E-09
Pigeon,0,1-Jun,0.1672,0.1672,0.1672,0.502,156,74,230,67.87,32.13,6620,0.1,0.144,20,75,304.8,315,ACSR,0.1,0.000328084,0.000472441,1,0.01,0.014355901,2.063015087,0.236230401,1.88E-09
Penguin,0,1-Jun,0.1878,0.1878,0.1878,0.563,197,93,291,67.88,32.12,8350,0.0795,0.119,20,75,304.8,357,ACSR,0.0795,0.000260827,0.00039042,1,0.01,0.011924404,2.045188532,0.432349889,8.02E-09
Waxwing,266.8,18/1,0.1217,0.1217,0.1217,0.609,250,39,289,86.43,13.57,6880,0.0643,0.0787,20,75,304.8,449,ACSR,0.0643,0.000210958,0.000258202,1,0.01,0.020685012,2.100370654,0.159113783,5.93E-09
Partridge,266.8,26/7,0.1013,0.0788,0.2363,0.642,251,115,367,68.51,31.49,11300,0.0637,0.0779,20,75,304.8,475,ACSR,0.0637,0.00020899,0.000255577,1,0.01,0.02172909,2.10523897,0.159162688,2.46E-09
Ostrich,300,26/7,0.1074,0.0835,0.2506,0.68,283,130,412,68.51,31.49,12700,0.0567,0.0693,20,75,304.8,492,ACSR,0.0567,0.000186024,0.000227362,1,0.01,0.019703609,2.095725786,0.159226627,6.17E-09
Merlin,336.4,18/1,0.1367,0.1367,0.1367,0.684,315,49,365,86.43,13.57,8680,0.051,0.0625,20,75,304.8,519,ACSR,0.051,0.000167323,0.000205052,1,0.01,0.019535739,2.094828019,0.159183324,2.24E-09
Linnet,336.4,26/7,0.1137,0.0885,0.2654,0.72,317,146,462,68.51,31.49,14100,0.0505,0.0618,20,75,304.8,529,ACSR,0.0505,0.000165682,0.000202756,1,0.01,0.01915132,2.092902376,0.159141841,3.73E-09
Oriole,336.4,30/7,0.1059,0.1059,0.3177,0.741,318,209,526,60.35,39.65,17300,0.0502,0.0613,20,75,304.8,535,ACSR,0.0502,0.000164698,0.000201115,1,0.01,0.018989437,2.092091247,0.159194341,1.74E-09
Chickadee,397.5,18/1,0.1486,0.1486,0.1486,0.743,373,58,431,86.43,13.57,9940,0.0432,0.0529,20,75,304.8,576,ACSR,0.0432,0.000141732,0.000173556,1,0.01,0.018820238,2.091189716,0.15915329,2.86E-09
Brant,397.5,24/7,0.1287,0.0858,0.2574,0.772,374,137,511,73.21,26.79,14600,0.043,0.0526,20,75,304.8,584,ACSR,0.043,0.000141076,0.000172572,1,0.01,0.018574784,2.089889314,0.159081759,1.47E-09
Ibis,397.5,26/7,0.1236,0.0962,0.2885,0.783,374,172,546,68.51,31.49,16300,0.0428,0.0523,20,75,304.8,587,ACSR,0.0428,0.00014042,0.000171588,1,0.01,0.018451606,2.089267133,0.159098129,6.07E-09
Lark,397.5,30/7,0.1151,0.1151,0.3453,0.806,375,247,622,60.35,39.65,20300,0.0425,0.0519,20,75,304.8,594,ACSR,0.0425,0.000139436,0.000170276,1,0.01,0.018253588,2.088302387,0.159291363,4.71E-09
Pelican,477,18/1,0.1628,0.1628,0.1628,0.814,447,70,517,86.44,13.56,11800,0.036,0.0442,20,75,304.8,646,ACSR,0.036,0.00011811,0.000145013,1,0.01,0.017974717,2.086687698,0.159049301,3.95E-10
Flicker,477,24/7,0.141,0.094,0.2819,0.846,449,164,614,73.21,26.79,17200,0.0358,0.0439,20,75,304.8,655,ACSR,0.0358,0.000117454,0.000144029,1,0.01,0.017726356,2.08531544,0.159086114,7.50E-09
Hawk,477,26/7,0.1354,0.1053,0.316,0.858,449,207,656,68.51,31.49,19500,0.0356,0.0436,20,75,304.8,659,ACSR,0.0356,0.000116798,0.000143045,1,0.01,0.017631587,2.084832807,0.159075407,2.63E-09
Hen,477,30/7,0.1261,0.1261,0.3783,0.883,450,296,746,60.35,39.65,23800,0.0354,0.0433,20,75,304.8,666,ACSR,0.0354,0.000116142,0.00014206,1,0.01,0.017442272,2.083803809,0.159159051,1.00E-08
Osprey,556.5,18/1,0.1758,0.1758,0.1758,0.879,522,82,603,86.43,13.57,13700,0.0308,0.0379,20,75,304.8,711,ACSR,0.0308,0.00010105,0.000124344,1,0.01,0.017227779,2.082597739,0.159167603,8.65E-09
Parakeet,556.5,24/7,0.1523,0.1015,0.3045,0.914,524,192,716,73.21,26.79,19800,0.0307,0.0376,20,75,304.8,721,ACSR,0.0307,0.000100722,0.00012336,1,0.01,0.017108976,2.081877245,0.169865455,1.06E-09
Dove,556.5,26/7,0.1463,0.1138,0.3413,0.927,524,241,765,68.51,31.49,22600,0.0306,0.0375,20,75,304.8,726,ACSR,0.0306,0.000100394,0.000123031,1,0.01,0.017036173,2.081514325,0.172913535,1.00E-08
Eagle,556.5,30/7,0.1362,0.1362,0.4086,0.953,525,345,871,60.35,39.65,27800,0.0303,0.0372,20,75,304.8,734,ACSR,0.0303,9.94E-05,0.000122047,1,0.01,0.016740303,2.079752283,0.221521387,8.07E-09
Peacock,605,24/7,0.1588,0.1059,0.3177,0.953,570,209,779,73.2,26.8,21600,0.0282,0.0346,20,75,304.8,760,ACSR,0.0282,9.25E-05,0.000113517,1,0.01,0.016720259,2.079675691,0.226975223,9.24E-09
Squab,605,26/7,0.1525,0.1186,0.3559,0.966,570,262,832,68.51,31.49,24300,0.0281,0.0345,20,75,304.8,765,ACSR,0.0281,9.22E-05,0.000113189,1,0.01,0.016640893,2.079220468,0.196455102,1.29E-09
Wood_Duck,605,30/7,0.142,0.142,0.426,0.994,571,375,946,60.35,39.65,28900,0.0279,0.0342,20,75,304.8,774,ACSR,0.0279,9.15E-05,0.000112205,1,0.01,0.016484015,2.078323484,0.21663152,3.53E-09
Teal,605,30/19,0.142,0.0852,0.426,0.994,571,367,939,60.86,39.14,30000,0.0279,0.0342,20,75,304.8,773,ACSR,0.0279,9.15E-05,0.000112205,1,0.01,0.016443343,2.078048542,0.278090656,3.79E-09
Kingbird,636,18/1,0.188,0.188,0.188,0.94,596,94,690,86.43,13.57,15700,0.027,0.0332,20,75,304.8,773,ACSR,0.027,8.86E-05,0.000108924,1,0.01,0.016734008,2.079759282,0.184890934,3.46E-09
Swift,636,36/1,0.1329,0.1329,0.1329,0.93,596,47,643,92.72,7.28,13690,0.0271,0.0334,20,75,304.8,769,ACSR,0.0271,8.89E-05,0.00010958,1,0.01,0.016741874,2.079727528,0.205158879,1.91E-09
Rook,636,24/7,0.1628,0.1085,0.3256,0.977,599,219,818,73.22,26.78,22600,0.0268,0.033,20,75,304.8,784,ACSR,0.0268,8.79E-05,0.000108268,1,0.01,0.016418902,2.07790054,0.1826642,1.69E-09
Grosbeak,636,26/7,0.1564,0.1216,0.3649,0.991,599,275,874,68.51,31.49,25200,0.0267,0.0328,20,75,304.8,789,ACSR,0.0267,8.76E-05,0.000107612,1,0.01,0.016392454,2.077720579,0.177252534,2.33E-09
Scoter,636,30/7,0.1456,0.1456,0.4368,1.019,600,395,995,60.35,39.65,30400,0.0256,0.0325,20,75,304.8,798,ACSR,0.0256,8.40E-05,0.000106627,1,0.01,0.01490773,2.068264122,0.35499044,1.37E-09
Egret,636,30/19,0.1456,0.0874,0.4368,1.019,600,386,987,60.85,39.15,31500,0.0266,0.0326,20,75,304.8,798,ACSR,0.0266,8.73E-05,0.000106955,1,0.01,0.016308869,2.07725402,0.312477559,1.47E-09
Flamingo,666.6,24/7,0.1667,0.1111,0.3333,1,628,230,858,73.21,26.79,23700,0.0256,0.0315,20,75,304.8,807,ACSR,0.0256,8.40E-05,0.000103346,1,0.01,0.016260244,2.076928952,0.195724721,7.87E-10
Gannet,666.6,26/7,0.1601,0.1245,0.3736,1.014,628,289,916,68.51,31.49,26400,0.0255,0.0313,20,75,304.8,812,ACSR,0.0255,8.37E-05,0.00010269,1,0.01,0.01623336,2.076827214,0.241323974,3.16E-10
Stilt,715.5,24/7,0.1727,0.1151,0.3453,1.036,674,247,920,73.21,26.79,25500,0.0239,0.0294,20,75,304.8,844,ACSR,0.0239,7.84E-05,9.65E-05,1,0.01,0.016044242,2.075642254,0.258447465,2.59E-09
Starling,715.5,26/7,0.1659,0.129,0.3871,1.051,674,310,984,68.51,31.49,28400,0.0238,0.0292,20,75,304.8,849,ACSR,0.0238,7.81E-05,9.58E-05,1,0.01,0.016002027,2.075410968,0.185837688,4.52E-10
Redwing,715.5,30/19,0.1544,0.0927,0.4633,1.081,676,435,1110,60.85,39.15,34600,0.0236,0.029,20,75,304.8,859,ACSR,0.0236,7.74E-05,9.51E-05,1,0.01,0.015766189,2.073977869,0.571068146,8.66E-10
Coot,795,36/1,0.1486,0.1486,0.1486,1.04,745,58,804,92.72,7.28,16710,0.0217,0.0268,20,75,304.8,884,ACSR,0.0217,7.12E-05,8.79E-05,1,0.01,0.015832632,2.074356086,0.223732582,1.51E-09
Drake,795,26/7,0.1749,0.136,0.408,1.107,749,344,1093,68.51,31.49,31500,0.0214,0.0263,20,75,304.8,907,ACSR,0.0214,7.02E-05,8.63E-05,1,0.023333333,0.050407169,2.133291422,0.134582251,1.31E-09
Tern,795,45/7,0.1329,0.0886,0.2658,1.063,749,146,895,83.67,16.33,22100,0.0216,0.0269,20,75,304.8,887,ACSR,0.0216,7.09E-05,8.83E-05,1,0.01,0.015345527,2.071269612,0.317551323,1.06E-09
Condor,795,54/7,0.1213,0.1213,0.364,1.092,749,274,1023,73.21,26.79,28200,0.0215,0.0272,20,75,304.8,889,ACSR,0.0215,7.05E-05,8.92E-05,1,0.01,0.014597033,2.066283044,0.884109123,1.61E-09
Mallard,795,30/19,0.1628,0.0977,0.4884,1.14,751,483,1234,60.86,39.14,38400,0.0213,0.0261,20,75,304.8,918,ACSR,0.0213,6.99E-05,8.56E-05,1,0.023333333,0.049795802,2.132601039,0.134877114,7.57E-10
Ruddy,900,45/7,0.1414,0.0943,0.2828,1.131,848,165,1013,83.67,16.33,24400,0.0191,0.0239,20,75,304.8,958,ACSR,0.0191,6.27E-05,7.84E-05,1,0.023333333,0.049893368,2.130575465,0.134959873,9.14E-10
Canary,900,54/7,0.1291,0.1291,0.3873,1.162,848,310,1158,73.22,26.78,31900,0.019,0.0241,20,75,304.8,961,ACSR,0.019,6.23E-05,7.91E-05,1,0.023333333,0.04919009,2.12675819,0.13528123,8.00E-10
Rail,954,45/7,0.1456,0.0971,0.2912,1.165,899,175,1074,83.67,16.33,25900,0.018,0.0225,20,75,304.8,993,ACSR,0.018,5.91E-05,7.38E-05,1,0.023333333,0.050440434,2.129427656,0.135100941,1.89E-09
Cardinal,954,54/7,0.1329,0.1329,0.3987,1.196,899,329,1227,73.21,26.79,33800,0.0179,0.0228,20,75,304.8,996,ACSR,0.0179,5.87E-05,7.48E-05,1,0.023333333,0.049863626,2.124880368,0.135349433,1.44E-09
Ortolan,1033.5,45/7,0.1515,0.101,0.3031,1.212,973,190,1163,83.67,16.33,27700,0.0167,0.0209,20,75,304.8,1043,ACSR,0.0167,5.48E-05,6.86E-05,1,0.023333333,0.049687145,2.128018975,0.135312575,8.09E-10
Curlew,1033.5,54/7,0.1383,0.1383,0.415,1.245,973,356,1330,73.21,26.79,36600,0.0165,0.0211,20,75,304.8,1047,ACSR,0.0165,5.41E-05,6.92E-05,1,0.023333333,0.05025735,2.12269436,0.135675959,5.84E-09
Bluejay,1113,45/7,0.1573,0.1048,0.3145,1.258,1048,205,1253,83.67,16.33,29800,0.0155,0.0194,20,75,304.8,1092,ACSR,0.0155,5.09E-05,6.36E-05,1,0.023333333,0.050137841,2.126454992,0.135428332,6.01E-09
Finch,1113,54/19,0.1436,0.0861,0.4307,1.292,1053,375,1429,73.72,26.28,39100,0.0154,0.0197,20,75,304.8,1093,ACSR,0.0154,5.05E-05,6.46E-05,1,0.023333333,0.050593852,2.121115421,0.135784235,4.86E-09
Bunting,1192.5,45/7,0.1628,0.1085,0.3256,1.302,1123,219,1343,83.67,16.33,32000,0.0144,0.0182,20,75,304.8,1139,ACSR,0.0144,4.72E-05,5.97E-05,1,0.023333333,0.049287263,2.123342319,0.135625848,2.98E-09
Grackle,1192.5,54/19,0.1486,0.0892,0.4458,1.337,1129,402,1531,73.72,26.28,41900,0.0144,0.0184,20,75,304.8,1140,ACSR,0.0144,4.72E-05,6.04E-05,1,0.023333333,0.049724585,2.11989985,0.135892103,5.63E-09
Bittern,1272,45/7,0.1681,0.1121,0.3362,1.345,1198,234,1432,83.67,16.33,34100,0.0135,0.0171,20,75,304.8,1184,ACSR,0.0135,4.43E-05,5.61E-05,1,0.023333333,0.049757138,2.121624177,0.135952603,1.54E-09
Pheasant,1272,54/19,0.1535,0.0921,0.4605,1.381,1204,429,1633,73.71,26.29,43600,0.0135,0.0173,20,75,304.8,1187,ACSR,0.0135,4.43E-05,5.68E-05,1,0.023333333,0.050296732,2.118326792,0.136150383,5.60E-10
Dipper,1351.5,45/7,0.1733,0.1155,0.3466,1.386,1273,248,1521,83.67,16.33,36200,0.0127,0.0162,20,75,304.8,1229,ACSR,0.0127,4.17E-05,5.31E-05,1,0.023333333,0.050443628,2.119324191,0.136112083,9.25E-10
Martin,1351.5,54/19,0.1582,0.0949,0.4746,1.424,1279,456,1735,73.72,26.28,46300,0.0127,0.0163,20,75,304.8,1232,ACSR,0.0127,4.17E-05,5.35E-05,1,0.023333333,0.050748806,2.116769681,0.136225509,6.16E-09
Bobolink,1431,45/7,0.1783,0.1189,0.3566,1.427,1348,263,1611,83.67,16.33,38300,0.012,0.0153,20,75,304.8,1272,ACSR,0.012,3.94E-05,5.02E-05,1,0.023333333,0.049602723,2.118045342,0.136093747,8.23E-09
Lapwing,1590,45/7,0.188,0.1253,0.3759,1.504,1498,292,1790,83.67,16.33,42200,0.0108,0.0139,20,75,304.8,1354,ACSR,0.0108,3.54E-05,4.56E-05,1,0.023333333,0.050654703,2.114246771,0.136471242,2.89E-09
Falcon,1590,54/19,0.1716,0.103,0.5148,1.544,1505,536,2041,73.72,26.28,54500,0.0108,0.014,20,75,304.8,1359,ACSR,0.0108,3.54E-05,4.59E-05,1,0.023333333,0.050938702,2.11172624,0.136672809,3.99E-09
Chukar,1780,84/19,0.1456,0.0874,0.4368,1.602,1685,386,2072,81.35,18.65,51000,0.0097,0.0125,20,75,304.8,1453,ACSR,0.0097,3.18E-05,4.10E-05,1,0.023333333,0.05042663,2.111817626,0.136826265,9.19E-10
Bluebird,2156,84/19,0.1602,0.0962,0.4808,1.762,2040,468,2508,81.34,18.66,60300,0.00801,0.0105,20,75,304.8,1623,ACSR,0.00801,2.63E-05,3.44E-05,1,0.023333333,0.051865101,2.104281381,0.137387158,2.15E-09
Kiwi,2167,72/7,0.1735,0.1157,0.347,1.735,2051,249,2300,89.17,10.82,49800,0.00801,0.0106,20,75,304.8,1607,ACSR,0.00801,2.63E-05,3.48E-05,1,0.023333333,0.052537945,2.102469913,0.137304885,1.41E-09
Partridge/ACSS,266.8,26/7,0.1013,0.0788,0.2363,0.642,251.3,115.5,366.8,8880,9730,11400,0.0619,0.0761,20,75,304.8,812,ACSS,0.0619,0.000203084,0.000249672,1,0.01,0.050586663,2.178342218,0.155951315,3.53E-09
Junco/ACSS,266.8,30/7,0.0943,0.0943,0.2829,0.66,251.9,165.5,417.4,11700,13000,15200,0.0615,0.0756,20,75,304.8,822,ACSS,0.0615,0.000201772,0.000248031,1,0.01,0.04865703,2.177555593,0.155988686,5.09E-09
Ostrich/ACSS,300,26/7,0.1074,0.0835,0.2506,0.68,282.6,129.9,412.5,10000,10900,12800,0.0551,0.0677,20,75,304.8,877,ACSS,0.0551,0.000180774,0.000222113,1,0.01,0.051112966,2.176847091,0.156023571,7.10E-09
Linnet/ACSS,336.4,26/7,0.1137,0.0885,0.2654,0.72,316.8,145.7,462.5,11200,12300,14400,0.0491,0.0604,20,75,304.8,945,ACSS,0.0491,0.000161089,0.000198163,1,0.01,0.051385733,2.175176967,0.156099781,2.58E-09
Oriole/ACSS,336.4,30/7,0.1059,0.1059,0.3177,0.741,317.6,208.7,526.3,14800,16300,19100,0.0488,0.06,20,75,304.8,957,ACSS,0.0488,0.000160105,0.00019685,1,0.01,0.050937627,2.174299378,0.156110844,5.80E-09
Brant/ACSS,397.5,24/7,0.1287,0.0858,0.2574,0.772,374.4,137,511.4,11000,12100,14100,0.0417,0.0514,20,75,304.8,1047,ACSS,0.0417,0.000136811,0.000168635,1,0.01,0.051305367,2.173093097,0.156179589,9.03E-10
Ibis/ACSS,397.5,26/7,0.1236,0.0962,0.2885,0.783,374.4,172.1,546.5,13000,14200,16500,0.0416,0.0512,20,75,304.8,1054,ACSS,0.0416,0.000136483,0.000167979,1,0.01,0.052568543,2.172774423,0.156204315,5.47E-09
Lark/ACSS,397.5,30/7,0.1151,0.1151,0.3453,0.806,375.3,246.5,621.8,17500,19300,22600,0.0413,0.0508,20,75,304.8,1068,ACSS,0.0413,0.000135499,0.000166667,1,0.01,0.052123,2.172086419,0.156290687,5.65E-09
Flicker/ACSS,477,24/7,0.141,0.094,0.2819,0.846,449.3,164.4,613.7,13000,14200,16400,0.0348,0.0429,20,75,304.8,1180,ACSS,0.0348,0.000114173,0.000140748,1,0.01,0.052239689,2.170598198,0.156301931,4.99E-09
Hawk/ACSS,477,26/7,0.1354,0.1053,0.316,0.858,449.3,206.5,655.8,15600,17100,19800,0.0346,0.0427,20,75,304.8,1188,ACSS,0.0346,0.000113517,0.000140092,1,0.01,0.051848313,2.170318886,0.156280237,1.21E-09
Hen/ACSS,477,30/7,0.1261,0.1261,0.3783,0.883,450.4,295.9,746.3,21000,22700,26700,0.0344,0.0424,20,75,304.8,1204,ACSS,0.0344,0.000112861,0.000139108,1,0.01,0.05156468,2.169552416,0.156357986,8.95E-10
Parakeet/ACSS,556.5,24/7,0.1523,0.1015,0.3045,0.914,524,192,716,15200,16600,19100,0.0298,0.0368,20,75,304.8,1306,ACSS,0.0298,9.78E-05,0.000120735,1,0.01,0.050684537,2.168373723,0.156371789,7.34E-09
Dove/ACSS,556.5,26/7,0.1463,0.1138,0.3413,0.927,524.2,240.9,765.1,18200,19900,23200,0.0297,0.0366,20,75,304.8,1315,ACSS,0.0297,9.74E-05,0.000120079,1,0.01,0.050658498,2.168354088,0.156384522,7.80E-09
Eagle/ACSS,556.5,30/7,0.1362,0.1362,0.4086,0.953,525.4,345.2,870.6,24500,26500,31100,0.0295,0.0363,20,75,304.8,1331,ACSS,0.0295,9.68E-05,0.000119094,1,0.01,0.050279997,2.167535375,0.15643641,8.10E-09
Peacock/ACSS,605,24/7,0.1588,0.1058,0.3175,0.953,569.8,208.5,778.3,16500,18100,20800,0.0274,0.0339,20,75,304.8,1379,ACSS,0.0274,8.99E-05,0.00011122,1,0.01,0.049746809,2.167260154,0.156420976,7.89E-09
Squab/ACSS,605,26/7,0.1525,0.1186,0.3559,0.966,569.8,261.9,831.7,19700,21300,25200,0.0273,0.0337,20,75,304.8,1389,ACSS,0.0273,8.96E-05,0.000110564,1,0.01,0.049780895,2.167288004,0.156481031,1.10E-08
Wood Duck/ACSS,605,30/7,0.142,0.142,0.426,0.994,571.2,375.3,946.5,26000,28300,33300,0.0271,0.0334,20,75,304.8,1407,ACSS,0.0271,8.89E-05,0.00010958,1,0.01,0.049420074,2.166586235,0.15652386,7.02E-09
Teal/ACSS,605,30/19,0.142,0.0852,0.426,0.994,571.2,367.4,938.6,26600,29300,34800,0.0272,0.0335,20,75,304.8,1406,ACSS,0.0272,8.92E-05,0.000109908,1,0.01,0.049574658,2.166527295,0.156515564,7.31E-09
Rook/ACSS,636,24/7,0.1628,0.1085,0.3256,0.977,599,219.2,818.2,17300,19000,21900,0.0261,0.0322,20,75,304.8,1425,ACSS,0.0261,8.56E-05,0.000105643,1,0.01,0.04958434,2.166971029,0.156429755,2.45E-08
Grosbeak/ACSS,636,26/7,0.1564,0.1216,0.3649,0.991,599,275.4,874.4,20700,22400,26000,0.026,0.0321,20,75,304.8,1435,ACSS,0.026,8.53E-05,0.000105315,1,0.01,0.049342671,2.166476416,0.156405625,1.46E-08
Scoter/ACSS,636,30/7,0.1456,0.1456,0.4368,1.019,600.5,394.5,995,27400,29700,35000,0.0258,0.0318,20,75,304.8,1454,ACSS,0.0258,8.46E-05,0.000104331,1,0.01,0.049031931,2.165835582,0.156502167,2.84E-09
Egret/ACSS,636,30/19,0.1456,0.0874,0.4368,1.019,600.5,386.3,986.8,28000,30900,36600,0.0258,0.0319,20,75,304.8,1453,ACSS,0.0258,8.46E-05,0.000104659,1,0.01,0.048747007,2.165750565,0.156506501,2.95E-09
Flamingo/ACSS,666.6,24/7,0.1667,0.1111,0.3333,1,627.9,229.7,857.6,18200,19900,22900,0.0249,0.0308,20,75,304.8,1470,ACSS,0.0249,8.17E-05,0.00010105,1,0.01,0.049019907,2.166158837,0.156430255,8.07E-09
Gannet/ACSS,666.6,26/7,0.1601,0.1245,0.3736,1.014,627.8,288.6,916.4,21700,23400,27300,0.0248,0.0306,20,75,304.8,1480,ACSS,0.0248,8.14E-05,0.000100394,1,0.01,0.048995261,2.165869265,0.156524736,9.73E-09
Stilt/ACSS,715.5,24/7,0.1727,0.1151,0.3453,1.036,673.9,246.5,920.4,19500,21300,24600,0.0232,0.0287,20,75,304.8,1540,ACSS,0.0232,7.61E-05,9.42E-05,1,0.01,0.048415574,2.165447708,0.156535649,1.16E-09
Starling/ACSS,715.5,26/7,0.1659,0.129,0.3871,1.051,673.9,309.8,983.7,23300,25200,29800,0.0231,0.0286,20,75,304.8,1550,ACSS,0.0231,7.58E-05,9.38E-05,1,0.01,0.0480965,2.164966283,0.15647511,1.02E-09
Redwing/ACSS,715.5,30/19,0.1544,0.0927,0.4633,1.081,675.6,434.6,1110.2,30800,34000,39800,0.023,0.0284,20,75,304.8,1570,ACSS,0.023,7.55E-05,9.32E-05,1,0.01,0.047974163,2.164289373,0.156544117,3.64E-09
Cuckoo/ACSS,795,24/7,0.182,0.1213,0.364,1.092,748.8,274,1022.8,21700,23300,26900,0.0209,0.0259,20,75,304.8,1650,ACSS,0.0209,6.86E-05,8.50E-05,1,0.01,0.04743452,2.163961571,0.156534406,3.70E-09
Drake/ACSS,795,26/7,0.1749,0.136,0.408,1.107,748.8,344.2,1093,25900,28000,32600,0.0209,0.0257,20,75,304.8,1662,ACSS,0.0209,6.86E-05,8.43E-05,1,0.01,0.048007144,2.16396085,0.156603162,9.96E-09
Macaw/ACSS,795,42/7,0.1376,0.0764,0.2293,1.055,748.8,108.7,857.5,11800,12600,14300,0.0211,0.0262,20,75,304.8,1621,ACSS,0.0211,6.92E-05,8.60E-05,1,0.01,0.047677378,2.164664129,0.156476343,5.74E-10
Tern/ACSS,795,45/7,0.1329,0.0886,0.2658,1.063,748.8,146.1,894.9,14200,15200,17400,0.021,0.0263,20,75,304.8,1618,ACSS,0.021,6.89E-05,8.63E-05,1,0.01,0.046372028,2.163425997,0.156343684,6.11E-09
Condor/ACSS,795,54/7,0.1213,0.1213,0.364,1.092,748.8,274,1022.8,21700,23300,26900,0.0209,0.0266,20,75,304.8,1618,ACSS,0.0209,6.86E-05,8.73E-05,1,0.01,0.043910749,2.161396504,0.156250628,5.38E-09
Mallard/ACSS,795,30/19,0.1628,0.0977,0.4884,1.139,750.6,482.8,1233.4,34300,37900,44300,0.0207,0.0255,20,75,304.8,1683,ACSS,0.0207,6.79E-05,8.37E-05,1,0.01,0.04730126,2.162976229,0.156607178,9.82E-10
Ruddy/ACSS,900,45/7,0.1414,0.0943,0.2828,1.131,847.7,165.4,1012.1,15800,17000,19200,0.0186,0.0233,20,75,304.8,1755,ACSS,0.0186,6.10E-05,7.64E-05,1,0.01,0.045455917,2.162102917,0.156475973,2.56E-09
Canary/ACSS,900,54/7,0.1291,0.1291,0.3873,1.162,847.7,310.1,1157.8,24600,26400,30500,0.0184,0.0236,20,75,304.8,1756,ACSS,0.0184,6.04E-05,7.74E-05,1,0.01,0.042333484,2.159569257,0.156298611,2.64E-09
Redbird/ACSS,954,24/7,0.1994,0.1329,0.3987,1.196,898.5,328.7,1227.2,26000,28000,32300,0.0174,0.0217,20,75,304.8,1859,ACSS,0.0174,5.71E-05,7.12E-05,1,0.01,0.045440091,2.161400626,0.156478865,3.22E-09
Rail/ACSS,954,45/7,0.1456,0.0971,0.2912,1.165,898.5,175.3,1073.8,16700,18000,20400,0.0175,0.022,20,75,304.8,1824,ACSS,0.0175,5.74E-05,7.22E-05,1,0.01,0.04464412,2.16103268,0.156381226,1.89E-09
Towhee/ACSS,954,48/7,0.141,0.1097,0.329,1.175,898.5,223.7,1122.2,19700,21300,24300,0.0175,0.0218,20,75,304.8,1842,ACSS,0.0175,5.74E-05,7.15E-05,1,0.01,0.045734194,2.161833689,0.156468509,2.41E-10
Cardinal/ACSS,954,54/7,0.1329,0.1329,0.3987,1.196,898.6,328.7,1227.2,26000,28000,32300,0.0174,0.0223,20,75,304.8,1825,ACSS,0.0174,5.71E-05,7.32E-05,1,0.01,0.042082334,2.159065766,0.156282629,2.26E-09
Canvasback/ACSS,954,30/19,0.1783,0.107,0.535,1.248,900.7,579.4,1480.1,41100,45400,53100,0.0172,0.0214,20,75,304.8,1897,ACSS,0.0172,5.64E-05,7.02E-05,1,0.01,0.045016921,2.160453487,0.15656496,7.80E-09
Snowbird/ACSS,1033.5,42/7,0.1569,0.0871,0.2614,1.203,973.4,141.3,1114.7,15400,16500,18500,0.0162,0.0204,20,75,304.8,1924,ACSS,0.0162,5.31E-05,6.69E-05,1,0.01,0.044424118,2.160807478,0.156431736,3.72E-09
Ortolan/ACSS,1033.5,45/7,0.1515,0.101,0.3031,1.212,973.4,190,1163.4,18100,19500,22000,0.0162,0.0204,20,75,304.8,1921,ACSS,0.0162,5.31E-05,6.69E-05,1,0.01,0.043983776,2.160193982,0.156448827,2.03E-09
Curlew/ACSS,1033.5,54/7,0.1383,0.1383,0.415,1.245,973.4,356.2,1329.6,28200,30300,35000,0.0161,0.0206,20,75,304.8,1924,ACSS,0.0161,5.28E-05,6.76E-05,1,0.01,0.041712332,2.158222464,0.156254414,1.97E-09
Bluejay/ACSS,1113,45/7,0.1573,0.1048,0.3145,1.258,1048.3,204.5,1252.8,19500,21100,23800,0.015,0.019,20,75,304.8,2017,ACSS,0.015,4.92E-05,6.23E-05,1,0.01,0.042910021,2.159115316,0.156351035,2.20E-09
Finch/ACSS,1113,54/19,0.1436,0.0861,0.4307,1.292,1053.4,375.5,1428.9,30400,33200,38700,0.015,0.0193,20,75,304.8,2015,ACSS,0.015,4.92E-05,6.33E-05,1,0.01,0.040745037,2.157171551,0.156269456,9.30E-10
Bunting/ACSS,1192.5,45/7,0.1628,0.1085,0.3256,1.302,1123.2,219.2,1342.4,21400,23500,25400,0.014,0.0178,20,75,304.8,2110,ACSS,0.014,4.59E-05,5.84E-05,1,0.01,0.042132361,2.158078806,0.156326195,3.37E-09
Bittern/ACSS,1272,45/7,0.1681,0.1121,0.3363,1.345,1198,234,1432,22300,24000,27100,0.0131,0.0167,20,75,304.8,2201,ACSS,0.0131,4.30E-05,5.48E-05,1,0.01,0.041388058,2.156980049,0.156368997,4.23E-10
Pheasant/ACSS,1272,54/19,0.1535,0.0921,0.4604,1.381,1203.9,429.2,1633.1,34100,37300,43000,0.0131,0.0169,20,75,304.8,2200,ACSS,0.0131,4.30E-05,5.54E-05,1,0.01,0.039573733,2.155478938,0.156241462,1.94E-09
Dipper/ACSS,1351,45/7,0.1733,0.1155,0.3465,1.386,1272.5,248.3,1520.8,23700,25500,28800,0.0124,0.0158,20,75,304.8,2289,ACSS,0.0124,4.07E-05,5.18E-05,1,0.01,0.041165138,2.156673978,0.156335626,1.72E-09
Martin/ACSS,1351,54/19,0.1582,0.0949,0.4745,1.424,1278.7,455.8,1734.5,36200,39600,45600,0.0123,0.016,20,75,304.8,2288,ACSS,0.0123,4.04E-05,5.25E-05,1,0.01,0.038480387,2.154193311,0.156172726,5.05E-09
Bobolink/ACSS,1431,45/7,0.1783,0.1189,0.3566,1.427,1347.8,263,1610.8,25100,27000,30500,0.0117,0.015,20,75,304.8,2375,ACSS,0.0117,3.84E-05,4.92E-05,1,0.01,0.040250251,2.155660976,0.156230696,4.87E-09
Plover/ACSS,1431,54/19,0.1628,0.0977,0.4884,1.465,1354.4,482.8,1837.2,38400,41900,48300,0.0117,0.0151,20,75,304.8,2375,ACSS,0.0117,3.84E-05,4.95E-05,1,0.01,0.038845439,2.154035177,0.15627825,9.30E-09
Nuthatch/ACSS,1510,45/7,0.1832,0.1221,0.3664,1.465,1422.2,277.5,1699.7,26500,28100,31800,0.0111,0.0143,20,75,304.8,2459,ACSS,0.0111,3.64E-05,4.69E-05,1,0.01,0.039584097,2.155007552,0.156229244,9.09E-09
Parrot/ACSS,1510,54/19,0.1672,0.1003,0.5017,1.505,1429.2,509.5,1938.7,40400,44200,51000,0.011,0.0144,20,75,304.8,2460,ACSS,0.011,3.61E-05,4.72E-05,1,0.01,0.037287704,2.152852047,0.156081859,2.27E-09
Ratite/ACSS,1590,42/7,0.1946,0.1081,0.3243,1.492,1497.6,217.4,1715,23400,25000,27900,0.0105,0.0136,20,75,304.8,2543,ACSS,0.0105,3.44E-05,4.46E-05,1,0.01,0.038992356,2.154762175,0.156180399,1.65E-08
Lapwing/ACSS,1590,45/7,0.188,0.1253,0.3759,1.504,1497.6,292.2,1789.8,27900,29600,33500,0.0105,0.0136,20,75,304.8,2543,ACSS,0.0105,3.44E-05,4.46E-05,1,0.01,0.038698621,2.154155641,0.156198087,5.13E-09
Falcon/ACSS,1590,54/19,0.1716,0.103,0.5148,1.544,1504.9,536.5,2041.4,42600,46600,53700,0.0105,0.0137,20,75,304.8,2545,ACSS,0.0105,3.44E-05,4.49E-05,1,0.01,0.03734966,2.152490095,0.15612607,9.27E-09
Chukar/ACSS,1780,84/19,0.1456,0.0873,0.4367,1.601,1684.7,386.1,2070.8,35400,38200,43900,0.0094,0.0122,20,75,304.8,2751,ACSS,0.0094,3.08E-05,4.00E-05,1,0.01,0.037993808,2.153005225,0.156131625,2.37E-08
Mockingbird/ACSS,2034.5,72/7,0.1681,0.1121,0.3362,1.681,1925.6,233.7,2159.3,27200,28900,32000,0.0083,0.011,20,75,304.8,2960,ACSS,0.0083,2.72E-05,3.61E-05,1,0.01,0.035747537,2.151813397,0.155870441,3.44E-09
Roadrunner/ACSS,2057,76/19,0.1645,0.0768,0.3839,1.7,1946.9,298.3,2245.2,31700,33900,38300,0.0082,0.0108,20,75,304.8,2992,ACSS,0.0082,2.69E-05,3.54E-05,1,0.01,0.036074041,2.152862277,0.156005307,2.63E-09
Bluebird/ACSS,2156,84/19,0.1602,0.0961,0.4806,1.762,2040.6,467.6,2508.2,42100,45500,51700,0.0078,0.0103,20,75,304.8,3106,ACSS,0.0078,2.56E-05,3.38E-05,1,0.01,0.035538656,2.151294078,0.155919584,2.50E-09
Kiwi/ACSS,2167,72/7,0.1735,0.1157,0.347,1.735,2051,248.9,2299.9,29000,30800,34100,0.0078,0.0104,20,75,304.8,3080,ACSS,0.0078,2.56E-05,3.41E-05,1,0.01,0.034892939,2.149310718,0.155829464,1.71E-09
Thrasher/ACSS,2312,76/19,0.1744,0.0814,0.407,1.802,2188.2,335.3,2523.5,35600,38100,43000,0.0073,0.0098,20,75,304.8,3218,ACSS,0.0073,2.40E-05,3.22E-05,1,0.01,0.033932479,2.146386889,0.155679153,2.37E-09
Joree/ACSS,2515,76/19,0.1819,0.0849,0.4245,1.88,2380.4,364.7,2745.1,38700,41400,46800,0.0067,0.0092,20,75,304.8,3390,ACSS,0.0067,2.20E-05,3.02E-05,1,0.01,0.031785128,2.13947209,0.155273938,4.73E-09
ACAR355,355,7-Dec,0.1367,0.1367,NaN,0.683,NaN,NaN,332.1,NaN,NaN,8500,0.0514,0.0624,20,75,304.8,519,ACAR,0.0514,0.000168635,0.000204724,1,0.01,0.019974575,2.097152853,0.159374234,3.03E-09
ACAR465.9,465.9,7-Dec,0.1566,0.1566,NaN,0.783,NaN,NaN,435.8,NaN,NaN,11000,0.0392,0.0477,20,75,304.8,616,ACAR,0.0392,0.000128609,0.000156496,1,0.01,0.018714741,2.090706181,0.159252878,3.43E-09
ACAR503.6,503.6,7-Dec,0.1628,0.1628,NaN,0.814,NaN,NaN,471.1,NaN,NaN,11900,0.0362,0.0441,20,75,304.8,646,ACAR,0.0362,0.000118766,0.000144685,1,0.01,0.018273072,2.088358485,0.159167845,3.69E-10
ACAR653.1,653.1,7-Dec,0.1854,0.1854,NaN,0.927,NaN,NaN,611,NaN,NaN,15400,0.0279,0.0342,20,75,304.8,760,ACAR,0.0279,9.15E-05,0.000112205,1,0.01,0.017016242,2.081398277,0.173559642,9.77E-09
ACAR739.8,739.8,30/7,0.1414,0.1414,NaN,0.99,NaN,NaN,692.7,NaN,NaN,15300,0.024,0.0296,20,75,304.8,831,ACAR,0.024,7.87E-05,9.71E-05,1,0.01,0.016269091,2.076954125,0.216437959,1.95E-09
ACAR739.8,739.8,18/19,0.1414,0.1414,NaN,0.99,NaN,NaN,691.6,NaN,NaN,18800,0.0252,0.0308,20,75,304.8,814,ACAR,0.0252,8.27E-05,0.00010105,1,0.01,0.016601426,2.079025793,0.268176188,1.01E-09
ACAR853.7,853.7,30/7,0.1519,0.1519,NaN,1.063,NaN,NaN,799.3,NaN,NaN,17500,0.0208,0.0257,20,75,304.8,907,ACAR,0.0208,6.82E-05,8.43E-05,1,0.01,0.015628866,2.073079385,0.313563022,1.15E-09
ACAR853.7,853.7,18/19,0.1519,0.1519,NaN,1.063,NaN,NaN,798,NaN,NaN,21500,0.0218,0.0268,20,75,304.8,890,ACAR,0.0218,7.15E-05,8.79E-05,1,0.01,0.015882432,2.074707041,0.235306113,1.19E-09
ACAR927.2,927.2,30/7,0.1583,0.1583,NaN,1.108,NaN,NaN,868.2,NaN,NaN,19000,0.0192,0.0238,20,75,304.8,955,ACAR,0.0192,6.30E-05,7.81E-05,1,0.01,0.015283551,2.070853922,0.996618773,8.60E-10
ACAR927.2,927.2,18/19,0.1583,0.1583,NaN,1.108,NaN,NaN,866.7,NaN,NaN,23400,0.0201,0.0247,20,75,304.8,936,ACAR,0.0201,6.59E-05,8.10E-05,1,0.023333333,0.050372191,2.133198057,0.13473815,6.22E-10
ACAR1024.5,1024.5,30/7,0.1664,0.1664,NaN,1.165,NaN,NaN,959.3,NaN,NaN,20900,0.0173,0.0216,20,75,304.8,1015,ACAR,0.0173,5.68E-05,7.09E-05,1,0.023333333,0.04917077,2.129896861,0.135078108,1.59E-09
ACAR1024.5,1024.5,18/19,0.1664,0.1664,NaN,1.165,NaN,NaN,957.7,NaN,NaN,25800,0.0182,0.0225,20,75,304.8,995,ACAR,0.0182,5.97E-05,7.38E-05,1,0.023333333,0.049292077,2.131342549,0.134911219,1.75E-09
ACAR1081,1081,30/7,0.1709,0.1709,NaN,1.196,NaN,NaN,1012.1,NaN,NaN,22100,0.0164,0.0205,20,75,304.8,1048,ACAR,0.0164,5.38E-05,6.73E-05,1,0.023333333,0.049874026,2.128621428,0.135274543,1.66E-09
ACAR1081,1081,18/19,0.1709,0.1709,NaN,1.196,NaN,NaN,1010.5,NaN,NaN,27200,0.0172,0.0213,20,75,304.8,1028,ACAR,0.0172,5.64E-05,6.99E-05,1,0.023333333,0.049978503,2.130298735,0.135043478,1.82E-09
ACAR1109,1109,30/7,0.1731,0.1731,NaN,1.212,NaN,NaN,1038.4,NaN,NaN,22700,0.016,0.02,20,75,304.8,1065,ACAR,0.016,5.25E-05,6.56E-05,1,0.023333333,0.049591666,2.128092866,0.135289089,7.83E-10
ACAR1109,1109,18/19,0.1731,0.1731,NaN,1.212,NaN,NaN,1036.6,NaN,NaN,27900,0.0168,0.0208,20,75,304.8,1044,ACAR,0.0168,5.51E-05,6.82E-05,1,0.023333333,0.049681061,2.129835249,0.135342131,2.34E-10
ACAR1172,1172,30/7,0.178,0.178,NaN,1.246,NaN,NaN,1097.3,NaN,NaN,24000,0.0152,0.019,20,75,304.8,1101,ACAR,0.0152,4.99E-05,6.23E-05,1,0.023333333,0.050414903,2.127218228,0.135485834,9.03E-10
ACAR1172,1172,18/19,0.178,0.178,NaN,1.246,NaN,NaN,1095.5,NaN,NaN,29500,0.0159,0.0198,20,75,304.8,1080,ACAR,0.0159,5.22E-05,6.50E-05,1,0.023333333,0.049167283,2.128202814,0.135430176,1.27E-09
ACAR1197,1197,30/7,0.1799,0.1799,NaN,1.259,NaN,NaN,1120.8,NaN,NaN,24500,0.0148,0.0187,20,75,304.8,1115,ACAR,0.0148,4.86E-05,6.14E-05,1,0.023333333,0.050172098,2.124849033,0.135556532,5.26E-09
ACAR1197,1197,18/19,0.1799,0.1799,NaN,1.259,NaN,NaN,1118.9,NaN,NaN,30200,0.0156,0.0194,20,75,304.8,1094,ACAR,0.0156,5.12E-05,6.36E-05,1,0.023333333,0.050394243,2.12811598,0.135471165,3.37E-09
ACAR1280,1280,30/7,0.186,0.186,NaN,1.302,NaN,NaN,1198.5,NaN,NaN,26200,0.0139,0.0175,20,75,304.8,1160,ACAR,0.0139,4.56E-05,5.74E-05,1,0.023333333,0.050617343,2.12399491,0.135714771,3.06E-09
ACAR1280,1280,18/19,0.186,0.186,NaN,1.302,NaN,NaN,1196.5,NaN,NaN,32200,0.0146,0.0182,20,75,304.8,1139,ACAR,0.0146,4.79E-05,5.97E-05,1,0.023333333,0.049530094,2.126316994,0.135666354,3.34E-09
ACAR1361,1361,42/19,0.1494,0.1494,NaN,1.344,NaN,NaN,1273.6,NaN,NaN,30300,0.0133,0.0168,20,75,304.8,1196,ACAR,0.0133,4.36E-05,5.51E-05,1,0.023333333,0.049977831,2.122473791,0.135963378,2.32E-09
ACAR1527,1527,42/19,0.1582,0.1582,NaN,1.424,NaN,NaN,1428.8,NaN,NaN,33600,0.0118,0.0151,20,75,304.8,1314,ACAR,0.0118,3.87E-05,4.95E-05,1,0.023333333,0.049532688,2.121354148,0.135665521,5.59E-09
ACAR1703,1703,42/19,0.1671,0.1671,NaN,1.504,NaN,NaN,1593.5,NaN,NaN,37500,0.0106,0.0137,20,75,304.8,1363,ACAR,0.0106,3.48E-05,4.49E-05,1,0.023333333,0.050415213,2.113212775,0.136649964,2.52E-09
ACAR1933,1933,42/19,0.178,0.178,NaN,1.602,NaN,NaN,1808.8,NaN,NaN,42500,0.00936,0.0123,20,75,304.8,1465,ACAR,0.00936,3.07E-05,4.04E-05,1,0.023333333,0.050490872,2.107404169,0.136977023,2.77E-09
ACAR2267,2267,42/19,0.1928,0.1928,NaN,1.735,NaN,NaN,2142,NaN,NaN,49900,0.00806,0.0108,20,75,304.8,1594,ACAR,0.00806,2.64E-05,3.54E-05,1,0.023333333,0.050909063,2.099705042,0.13734335,2.08E-09
ACAR2493,2493,72/19,0.1655,0.1655,NaN,1.821,NaN,NaN,2356.9,NaN,NaN,50400,0.00722,0.0099,20,75,304.8,1687,ACAR,0.00722,2.37E-05,3.25E-05,1,0.023333333,0.046742241,2.092399942,0.13775825,3.08E-10
ACAR2493,2493,54/37,0.1655,0.1655,NaN,1.821,NaN,NaN,2354.5,NaN,NaN,57600,0.00743,0.0101,20,75,304.8,1670,ACAR,0.00743,2.44E-05,3.31E-05,1,0.023333333,0.047900094,2.09452946,0.137624677,3.67E-10
Akron,30.58,7,0.0661,NaN,NaN,0.198,NaN,NaN,28.5,NaN,NaN,1110,0.659,0.785,20,75,304.8,107,AAAC,0.659,0.002162073,0.002575459,1,0.01,0.037301511,2.147408865,0.157359244,2.99E-09
Alton,48.69,7,0.0834,NaN,NaN,0.25,NaN,NaN,45.4,NaN,NaN,1760,0.414,0.493,20,75,304.8,143,AAAC,0.414,0.001358268,0.001617454,1,0.01,0.033379135,2.139039946,0.15842133,1.43E-08
Ames,77.47,7,0.1052,NaN,NaN,0.316,NaN,NaN,72.2,NaN,NaN,2800,0.26,0.31,20,75,304.8,191,AAAC,0.26,0.000853018,0.00101706,1,0.01,0.029728422,2.130676259,0.158943205,3.80E-09
Azusa,123.3,7,0.1327,NaN,NaN,0.398,NaN,NaN,115,NaN,NaN,4280,0.163,0.195,20,75,304.8,256,AAAC,0.163,0.000534777,0.000639764,1,0.01,0.026617316,2.122880358,0.159138867,6.58E-10
Anaheim,155.4,7,0.149,NaN,NaN,0.447,NaN,NaN,144.9,NaN,NaN,5390,0.13,0.154,20,75,304.8,296,AAAC,0.13,0.000426509,0.000505249,1,0.01,0.025670823,2.119368559,0.159574756,2.70E-10
Amherst,195.7,7,0.1672,NaN,NaN,0.502,NaN,NaN,182.5,NaN,NaN,6790,0.103,0.123,20,75,304.8,342,AAAC,0.103,0.000337927,0.000403543,1,0.01,0.023991873,2.115365313,0.159586272,1.22E-09
Alliance,246.9,7,0.1878,NaN,NaN,0.563,NaN,NaN,230.2,NaN,NaN,8560,0.0816,0.0973,20,75,304.8,395,AAAC,0.0816,0.000267717,0.000319226,1,0.01,0.02271924,2.109966765,0.159543258,5.42E-09
Butte,312.8,19,0.1283,NaN,NaN,0.642,NaN,NaN,291.7,NaN,NaN,10500,0.0644,0.0769,20,75,304.8,460,AAAC,0.0644,0.000211286,0.000252297,1,0.01,0.021349613,2.103773663,0.159498181,2.31E-09
Canton,394.5,19,0.1441,NaN,NaN,0.721,NaN,NaN,367.9,NaN,NaN,13300,0.0511,0.061,20,75,304.8,532,AAAC,0.0511,0.000167651,0.000200131,1,0.01,0.020238748,2.098538735,0.159524736,3.21E-09
Cairo,465.4,19,0.1565,NaN,NaN,0.783,NaN,NaN,434,NaN,NaN,15600,0.0433,0.0518,20,75,304.8,590,AAAC,0.0433,0.00014206,0.000169948,1,0.01,0.019403862,2.094393376,0.159504006,7.28E-09
Darien,559.5,19,0.1716,NaN,NaN,0.858,NaN,NaN,521.7,NaN,NaN,18800,0.036,0.0431,20,75,304.8,663,AAAC,0.036,0.00011811,0.000141404,1,0.01,0.018608704,2.090377323,0.15955315,1.04E-08
Elgin,652.4,19,0.1853,NaN,NaN,0.927,NaN,NaN,608.4,NaN,NaN,21900,0.0309,0.0371,20,75,304.8,729,AAAC,0.0309,0.000101378,0.000121719,1,0.01,0.017837067,2.086164175,0.159381824,1.38E-08
Flint,740.8,37,0.1415,NaN,NaN,0.991,NaN,NaN,690.8,NaN,NaN,24400,0.0272,0.0327,20,75,304.8,790,AAAC,0.0272,8.92E-05,0.000107283,1,0.01,0.017243769,2.082881399,0.181852119,8.45E-10
Greeley,927.2,37,0.1583,NaN,NaN,1.108,NaN,NaN,864.6,NaN,NaN,30500,0.0217,0.0263,20,75,304.8,908,AAAC,0.0217,7.12E-05,8.63E-05,1,0.01,0.016115654,2.07626198,0.853104697,2.24E-09
Peachbell,6,7,0.0612,NaN,NaN,0.184,NaN,NaN,25,NaN,NaN,563,0.658,0.805,20,75,304.8,103,AAC,0.658,0.002158793,0.002641076,1,0.01,0.035811265,2.142944336,0.156485388,6.58E-09
Rose,4,7,0.0772,NaN,NaN,0.232,NaN,NaN,39,NaN,NaN,881,0.414,0.506,20,75,304.8,138,AAC,0.414,0.001358268,0.001660105,1,0.01,0.032315402,2.139290583,0.157693292,1.75E-08
Iris,2,7,0.0974,NaN,NaN,0.292,NaN,NaN,62,NaN,NaN,1350,0.26,0.318,20,75,304.8,185,AAC,0.26,0.000853018,0.001043307,1,0.01,0.029117448,2.13170759,0.158324916,6.27E-09
Pansy,1,7,0.1093,NaN,NaN,0.328,NaN,NaN,78,NaN,NaN,1640,0.207,0.252,20,75,304.8,214,AAC,0.207,0.000679134,0.000826772,1,0.01,0.027874253,2.127934346,0.158579154,5.97E-09
Poppy,0,7,0.1228,NaN,NaN,0.368,NaN,NaN,99,NaN,NaN,1990,0.164,0.2,20,75,304.8,247,AAC,0.164,0.000538058,0.000656168,1,0.01,0.026239978,2.123837652,0.158942242,2.99E-09
Aster,0,7,0.1379,NaN,NaN,0.414,NaN,NaN,125,NaN,NaN,2510,0.13,0.159,20,75,304.8,286,AAC,0.13,0.000426509,0.000521654,1,0.01,0.024756927,2.118038365,0.158989455,8.30E-09
Phlox,0,7,0.1548,NaN,NaN,0.464,NaN,NaN,157,NaN,NaN,3040,0.103,0.126,20,75,304.8,331,AAC,0.103,0.000337927,0.000413386,1,0.01,0.023499722,2.112892265,0.159033687,3.06E-09
Oxlip,0,7,0.1739,NaN,NaN,0.522,NaN,NaN,198,NaN,NaN,3830,0.0817,0.0999,20,75,304.8,383,AAC,0.0817,0.000268045,0.000327756,1,0.01,0.022260508,2.107583238,0.15906476,2.93E-09
Sneezewort,250,7,0.189,NaN,NaN,0.567,NaN,NaN,234,NaN,NaN,4520,0.0691,0.0846,20,75,304.8,425,AAC,0.0691,0.000226706,0.000277559,1,0.01,0.021348075,2.103460568,0.159101752,2.90E-09
Valerian,250,19,0.1147,NaN,NaN,0.574,NaN,NaN,234,NaN,NaN,4660,0.0691,0.0846,20,75,304.8,426,AAC,0.0691,0.000226706,0.000277559,1,0.01,0.021194791,2.102790359,0.159142769,1.61E-09
Daisy,266.8,7,0.1952,NaN,NaN,0.586,NaN,NaN,250,NaN,NaN,4830,0.0648,0.0793,20,75,304.8,443,AAC,0.0648,0.000212598,0.000260171,1,0.01,0.021073967,2.102220354,0.159154777,1.27E-09
Laurel,266.8,19,0.1185,NaN,NaN,0.592,NaN,NaN,250,NaN,NaN,4970,0.0648,0.0793,20,75,304.8,444,AAC,0.0648,0.000212598,0.000260171,1,0.01,0.020960363,2.101707407,0.159159555,5.29E-09
Peony,300,19,0.1257,NaN,NaN,0.628,NaN,NaN,281,NaN,NaN,5480,0.0576,0.0706,20,75,304.8,478,AAC,0.0576,0.000188976,0.000231627,1,0.01,0.02033869,2.098703799,0.159033681,1.47E-08
Tulip,336.4,19,0.1331,NaN,NaN,0.665,NaN,NaN,315,NaN,NaN,6150,0.0514,0.063,20,75,304.8,513,AAC,0.0514,0.000168635,0.000206693,1,0.01,0.019769686,2.096021012,0.15916455,1.49E-09
Daffodil,350,19,0.1357,NaN,NaN,0.679,NaN,NaN,328,NaN,NaN,6390,0.0494,0.0605,20,75,304.8,526,AAC,0.0494,0.000162073,0.000198491,1,0.01,0.019596013,2.095082718,0.159125643,5.70E-09
Canna,397.5,19,0.1446,NaN,NaN,0.723,NaN,NaN,373,NaN,NaN,7110,0.0435,0.0534,20,75,304.8,570,AAC,0.0435,0.000142717,0.000175197,1,0.01,0.018991632,2.092118051,0.159194046,1.92E-09
Goldentuft,450,19,0.1539,NaN,NaN,0.769,NaN,NaN,422,NaN,NaN,7890,0.0384,0.0472,20,75,304.8,616,AAC,0.0384,0.000125984,0.000154856,1,0.01,0.018401266,2.089015842,0.159149612,6.56E-10
Cosmos,477,19,0.1584,NaN,NaN,0.792,NaN,NaN,447,NaN,NaN,8360,0.0362,0.0445,20,75,304.8,639,AAC,0.0362,0.000118766,0.000145997,1,0.01,0.01813473,2.087550786,0.159100161,7.42E-10
Syringa,477,37,0.1135,NaN,NaN,0.795,NaN,NaN,447,NaN,NaN,8690,0.0362,0.0445,20,75,304.8,639,AAC,0.0362,0.000118766,0.000145997,1,0.01,0.018069431,2.087194143,0.159060615,1.01E-09
Zinnia,500,19,0.1622,NaN,NaN,0.811,NaN,NaN,469,NaN,NaN,8760,0.0346,0.0425,20,75,304.8,658,AAC,0.0346,0.000113517,0.000139436,1,0.01,0.017977521,2.086659504,0.15904676,1.83E-09
Hyacinth,500,37,0.1162,NaN,NaN,0.814,NaN,NaN,469,NaN,NaN,9110,0.0346,0.0425,20,75,304.8,658,AAC,0.0346,0.000113517,0.000139436,1,0.01,0.017914292,2.086332033,0.159005123,3.18E-10
Dahlia,556.5,19,0.1711,NaN,NaN,0.856,NaN,NaN,522,NaN,NaN,9750,0.0311,0.0382,20,75,304.8,703,AAC,0.0311,0.000102034,0.000125328,1,0.01,0.017498366,2.084098083,0.159105219,2.56E-09
Mistletoe,556.5,37,0.1226,NaN,NaN,0.858,NaN,NaN,522,NaN,NaN,9940,0.0311,0.0382,20,75,304.8,704,AAC,0.0311,0.000102034,0.000125328,1,0.01,0.017506881,2.084187636,0.159201105,2.06E-09
Meadowsweet,600,37,0.1273,NaN,NaN,0.891,NaN,NaN,562,NaN,NaN,10700,0.0228,0.0355,20,75,304.8,738,AAC,0.0228,7.48E-05,0.00011647,1,0.023333333,0.041929384,2.081065183,0.134471575,2.60E-09
Orchid,636,37,0.1311,NaN,NaN,0.918,NaN,NaN,596,NaN,NaN,11400,0.0272,0.0335,20,75,304.8,765,AAC,0.0272,8.92E-05,0.000109908,1,0.01,0.016858999,2.080462452,0.168117159,4.56E-09
Heuchera,650,37,0.1325,NaN,NaN,0.928,NaN,NaN,609,NaN,NaN,11600,0.0266,0.0328,20,75,304.8,775,AAC,0.0266,8.73E-05,0.000107612,1,0.01,0.016714967,2.079574054,0.162752678,5.18E-09
Verbena,700,37,0.1375,NaN,NaN,0.963,NaN,NaN,656,NaN,NaN,12500,0.0247,0.0305,20,75,304.8,812,AAC,0.0247,8.10E-05,0.000100066,1,0.01,0.016398502,2.077689353,0.199655389,3.51E-09
Flag,700,61,0.1071,NaN,NaN,0.964,NaN,NaN,656,NaN,NaN,12900,0.0247,0.0305,20,75,304.8,812,AAC,0.0247,8.10E-05,0.000100066,1,0.01,0.01638225,2.077668283,0.240593827,2.69E-09
Violet,715.5,37,0.1391,NaN,NaN,0.973,NaN,NaN,671,NaN,NaN,12800,0.0242,0.0299,20,75,304.8,823,AAC,0.0242,7.94E-05,9.81E-05,1,0.01,0.016324024,2.077342501,0.246232963,3.74E-09
Nasturtium,715.5,61,0.1083,NaN,NaN,0.975,NaN,NaN,671,NaN,NaN,13100,0.0242,0.0299,20,75,304.8,823,AAC,0.0242,7.94E-05,9.81E-05,1,0.01,0.01629203,2.077092008,0.251451278,2.50E-09
Petunia,750,37,0.1424,NaN,NaN,0.997,NaN,NaN,703,NaN,NaN,13100,0.023,0.0286,20,75,304.8,847,AAC,0.023,7.55E-05,9.38E-05,1,0.01,0.015897894,2.07465409,0.225871943,2.55E-09
Cattail,750,61,0.1109,NaN,NaN,0.998,NaN,NaN,703,NaN,NaN,13500,0.023,0.0286,20,75,304.8,847,AAC,0.023,7.55E-05,9.38E-05,1,0.01,0.015882669,2.074597636,0.197796046,1.42E-09
Arbutus,795,37,0.1466,NaN,NaN,1.026,NaN,NaN,745,NaN,NaN,13900,0.0217,0.027,20,75,304.8,878,AAC,0.0217,7.12E-05,8.86E-05,1,0.01,0.015657822,2.073212688,0.344514184,1.30E-09
Lilac,795,61,0.1142,NaN,NaN,1.027,NaN,NaN,745,NaN,NaN,14300,0.0217,0.027,20,75,304.8,879,AAC,0.0217,7.12E-05,8.86E-05,1,0.01,0.015677333,2.073309529,0.214447114,1.98E-09
Cockscomb,900,37,0.156,NaN,NaN,1.092,NaN,NaN,844,NaN,NaN,15400,0.0192,0.0239,20,75,304.8,948,AAC,0.0192,6.30E-05,7.84E-05,1,0.01,0.01518572,2.070235711,0.235166369,1.49E-09
Snapdragon,900,61,0.1215,NaN,NaN,1.093,NaN,NaN,844,NaN,NaN,15900,0.0192,0.0239,20,75,304.8,948,AAC,0.0192,6.30E-05,7.84E-05,1,0.01,0.015172434,2.070163428,0.848761474,9.96E-10
Magnolia,954,37,0.1606,NaN,NaN,1.124,NaN,NaN,894,NaN,NaN,16400,0.0181,0.0226,20,75,304.8,982,AAC,0.0181,5.94E-05,7.41E-05,1,0.023333333,0.049897759,2.131031097,0.134954073,1.70E-09
Goldenrod,954,61,0.1251,NaN,NaN,1.125,NaN,NaN,894,NaN,NaN,16900,0.0181,0.0226,20,75,304.8,983,AAC,0.0181,5.94E-05,7.41E-05,1,0.023333333,0.049953876,2.131093577,0.134921895,2.04E-09
Hawkweed,1000,37,0.1644,NaN,NaN,1.151,NaN,NaN,937,NaN,NaN,17200,0.0173,0.0216,20,75,304.8,1010,AAC,0.0173,5.68E-05,7.09E-05,1,0.023333333,0.04927756,2.130108167,0.135161492,1.82E-09
Bluebell,1033.5,37,0.1671,NaN,NaN,1.17,NaN,NaN,969,NaN,NaN,17700,0.0167,0.021,20,75,304.8,1031,AAC,0.0167,5.48E-05,6.89E-05,1,0.023333333,0.050455899,2.128264994,0.135047931,5.65E-09
Larkspur,1033.5,61,0.1302,NaN,NaN,1.171,NaN,NaN,969,NaN,NaN,18300,0.0167,0.021,20,75,304.8,1032,AAC,0.0167,5.48E-05,6.89E-05,1,0.023333333,0.049115084,2.128294658,0.13501782,4.79E-09
Marigold,1113,61,0.1351,NaN,NaN,1.216,NaN,NaN,1043,NaN,NaN,19700,0.0155,0.0195,20,75,304.8,1079,AAC,0.0155,5.09E-05,6.40E-05,1,0.023333333,0.049391563,2.12652455,0.135384686,2.43E-10
Hawthorn,1192.5,61,0.1398,NaN,NaN,1.258,NaN,NaN,1118,NaN,NaN,21100,0.0145,0.0183,20,75,304.8,1124,AAC,0.0145,4.76E-05,6.00E-05,1,0.023333333,0.049959953,2.124716221,0.135603437,4.73E-09
Narcissus,1272,61,0.1444,NaN,NaN,1.3,NaN,NaN,1192,NaN,NaN,22000,0.0136,0.0173,20,75,304.8,1169,AAC,0.0136,4.46E-05,5.68E-05,1,0.023333333,0.049310647,2.12218436,0.135718147,1.79E-09
Columbine,1351.5,61,0.1488,NaN,NaN,1.34,NaN,NaN,1267,NaN,NaN,23400,0.0128,0.0163,20,75,304.8,1212,AAC,0.0128,4.20E-05,5.35E-05,1,0.023333333,0.049757382,2.120680165,0.135969753,4.74E-09
Carnation,1431,61,0.1532,NaN,NaN,1.378,NaN,NaN,1341,NaN,NaN,24300,0.0121,0.0155,20,75,304.8,1253,AAC,0.0121,3.97E-05,5.09E-05,1,0.023333333,0.050333984,2.118415807,0.136109098,1.56E-09
Gladiolus,1510.5,61,0.1574,NaN,NaN,1.416,NaN,NaN,1416,NaN,NaN,25600,0.0144,0.0147,20,75,304.8,1294,AAC,0.0144,4.72E-05,4.82E-05,1,0.023333333,0.048714141,2.141394209,0.133738384,1.14E-09
Coreopsis,1590,61,0.1614,NaN,NaN,1.453,NaN,NaN,1490,NaN,NaN,27000,0.0109,0.0141,20,75,304.8,1333,AAC,0.0109,3.58E-05,4.63E-05,1,0.023333333,0.050097913,2.114468307,0.136380256,1.67E-09
Jessamine,1750,61,0.1694,NaN,NaN,1.524,NaN,NaN,1640,NaN,NaN,29700,0.00988,0.0129,20,75,304.8,1408,AAC,0.00988,3.24E-05,4.23E-05,1,0.023333333,0.050679382,2.110345682,0.136828958,7.90E-09
Cowslip,2000,91,0.1482,NaN,NaN,1.631,NaN,NaN,1875,NaN,NaN,34200,0.00864,0.0115,20,75,304.8,1518,AAC,0.00864,2.83E-05,3.77E-05,1,0.023333333,0.050719492,2.103373368,0.137154807,1.15E-09
Sagebrush,2250,91,0.1572,NaN,NaN,1.73,NaN,NaN,2130,NaN,NaN,37500,0.00776,0.0105,20,75,304.8,1612,AAC,0.00776,2.55E-05,3.44E-05,1,0.023333333,0.049419556,2.097146099,0.137475482,2.90E-10
Lupine,2500,91,0.1657,NaN,NaN,1.823,NaN,NaN,2366,NaN,NaN,41900,0.00698,0.00969,20,75,304.8,1706,AAC,0.00698,2.29E-05,3.18E-05,1,0.023333333,0.045082025,2.089282373,0.137684339,7.91E-10
Bitterroot,2750,91,0.1738,NaN,NaN,1.912,NaN,NaN,2603,NaN,NaN,46100,0.00635,0.009,20,75,304.8,1793,AAC,0.00635,2.08E-05,2.95E-05,1,0.023333333,0.041473145,2.082165171,0.138048368,3.74E-09
Trillium,3000,127,0.1537,NaN,NaN,1.998,NaN,NaN,2839,NaN,NaN,50300,0.00582,0.00834,20,75,304.8,1874,AAC,0.00582,1.91E-05,2.74E-05,1,0.023333333,0.038883323,2.076739503,0.138207266,2.10E-09
Bluebonnet,3500,127,0.166,NaN,NaN,2.158,NaN,NaN,3345,NaN,NaN,58700,0.00499,0.00756,20,75,304.8,2024,AAC,0.00499,1.64E-05,2.48E-05,1,0.023333333,0.031503961,2.058744899,0.138308942,3.99E-09
Partridge/ACSS/TW,266.8,<undefined>,NaN,NaN,0.2364,0.595,250.5,115.6,366.1,NaN,NaN,8880,0.3262,0.4009,20,75,1609.34,795,ACSSTW,0.3262,0.000202692,0.000249108,1,0.01,0.050640931,2.18065001,0.155795353,2.05E-08
Linnet/ACSS/TW,336.4,<undefined>,NaN,NaN,0.2655,0.667,316.1,145.8,461.9,NaN,NaN,11200,0.2588,0.3181,20,75,1609.34,921,ACSSTW,0.2588,0.000160811,0.000197659,1,0.01,0.05110985,2.176974098,0.156034244,8.09E-09
Oriole/ACSS/TW,336.4,<undefined>,NaN,NaN,0.3177,0.692,318.2,209.2,527.4,NaN,NaN,14800,0.2565,0.3151,20,75,1609.34,940,ACSSTW,0.2565,0.000159382,0.000195795,1,0.01,0.050889905,2.176426095,0.155992052,6.03E-09
Flicker/ACSS/TW,477,<undefined>,NaN,NaN,0.282,0.776,447.8,164.5,612.3,NaN,NaN,13000,0.1831,0.2255,20,75,1609.34,1151,ACSSTW,0.1831,0.000113773,0.00014012,1,0.01,0.051342259,2.172977331,0.15614681,1.62E-09
Hawk/ACSS/TW,477,<undefined>,NaN,NaN,0.3162,0.79,448.7,206.4,655.1,NaN,NaN,15600,0.1825,0.2247,20,75,1609.34,1159,ACSSTW,0.1825,0.000113401,0.000139622,1,0.01,0.05233434,2.172640051,0.156178587,7.06E-09
Hen/ACSS/TW,477,<undefined>,NaN,NaN,0.3783,0.82,451.1,296.6,747.8,NaN,NaN,21000,0.1809,0.2225,20,75,1609.34,1181,ACSSTW,0.1809,0.000112406,0.000138255,1,0.01,0.051983092,2.171991487,0.156208418,7.13E-10
Parakeet/ACSS/TW,556.5,<undefined>,NaN,NaN,0.3045,0.835,522.4,191.8,714.2,NaN,NaN,15200,0.1569,0.1935,20,75,1609.34,1271,ACSSTW,0.1569,9.75E-05,0.000120236,1,0.01,0.052391958,2.170805902,0.156297794,2.20E-09
Dove/ACSS/TW,556.5,<undefined>,NaN,NaN,0.3414,0.85,523.4,241.1,764.5,NaN,NaN,18200,0.1564,0.1928,20,75,1609.34,1282,ACSSTW,0.1564,9.72E-05,0.000119801,1,0.01,0.052239737,2.170778277,0.15630176,2.15E-09
Rook/ACSS/TW,636,<undefined>,NaN,NaN,0.3255,0.893,597,219.2,816.2,NaN,NaN,17300,0.1373,0.1696,20,75,1609.34,1386,ACSSTW,0.1373,8.53E-05,0.000105385,1,0.01,0.050944566,2.16900656,0.156305489,2.98E-09
Grosbeak/ACSS/TW,636,<undefined>,NaN,NaN,0.3648,0.909,601.5,275.8,877.3,NaN,NaN,20700,0.1369,0.1689,20,75,1609.34,1398,ACSSTW,0.1369,8.51E-05,0.00010495,1,0.01,0.050869866,2.168663694,0.156346672,1.07E-08
Scoter/ACSS/TW,636,<undefined>,NaN,NaN,0.4368,0.942,600.5,394.7,995.2,NaN,NaN,27400,0.1356,0.1672,20,75,1609.34,1427,ACSSTW,0.1356,8.43E-05,0.000103894,1,0.01,0.050714646,2.168410454,0.156352068,9.57E-09
Tern/ACSS/TW,795,<undefined>,NaN,NaN,0.2658,0.96,745.2,146.1,891.3,NaN,NaN,14200,0.1105,0.1373,20,75,1609.34,1580,ACSSTW,0.1105,6.87E-05,8.53E-05,1,0.01,0.049221864,2.167010113,0.156317414,9.58E-09
Puffin/ACSS/TW,795,<undefined>,NaN,NaN,0.3168,0.98,745.9,228.5,974.4,NaN,NaN,17700,0.1101,0.1365,20,75,1609.34,1595,ACSSTW,0.1101,6.84E-05,8.48E-05,1,0.01,0.049134283,2.166589822,0.156365991,1.79E-08
Condor/ACSS/TW,795,<undefined>,NaN,NaN,0.3639,0.993,746.3,273.9,1020,NaN,NaN,21700,0.1098,0.1361,20,75,1609.34,1604,ACSSTW,0.1098,6.82E-05,8.46E-05,1,0.01,0.048934547,2.166323733,0.156399532,8.79E-09
Drake/ACSS/TW,795,<undefined>,NaN,NaN,0.408,1.01,747,344.3,1091.3,NaN,NaN,25900,0.1095,0.1355,20,75,1609.34,1616,ACSSTW,0.1095,6.80E-05,8.42E-05,1,0.01,0.048833522,2.165903044,0.156456722,8.49E-09
Canary/ACSS/TW,900,<undefined>,NaN,NaN,0.3873,1.055,844.8,310.9,1155.7,NaN,NaN,24600,0.097,0.1205,20,75,1609.34,1739,ACSSTW,0.097,6.03E-05,7.49E-05,1,0.01,0.047737672,2.164737243,0.156440745,5.36E-10
Phoenix/ACSS/TW,954,<undefined>,NaN,NaN,0.2511,1.044,897.7,130.4,1028,NaN,NaN,14200,0.0927,0.1187,20,75,1609.34,1740,ACSSTW,0.0927,5.76E-05,7.38E-05,1,0.01,0.044153872,2.16256582,0.15619193,3.78E-09
Rail/ACSS/TW,954,<undefined>,NaN,NaN,0.2913,1.061,898.6,175.5,1074.1,NaN,NaN,16700,0.0926,0.1183,20,75,1609.34,1750,ACSSTW,0.0926,5.75E-05,7.35E-05,1,0.01,0.044074858,2.162164981,0.156238694,1.15E-09
Cardinal/ACSS/TW,954,<undefined>,NaN,NaN,0.3987,1.08,895.5,328.8,1224.3,NaN,NaN,26000,0.0915,0.1138,20,75,1609.34,1806,ACSSTW,0.0915,5.69E-05,7.07E-05,1,0.01,0.047379674,2.164309884,0.156487025,6.16E-09
Snowbird/ACSS/TW,1033.5,<undefined>,NaN,NaN,0.2613,1.089,972.5,141.2,1114,NaN,NaN,15400,0.0856,0.1098,20,75,1609.34,1834,ACSSTW,0.0856,5.32E-05,6.82E-05,1,0.01,0.043345813,2.161287306,0.156180056,5.23E-09
Ortolan/ACSS/TW,1033.5,<undefined>,NaN,NaN,0.303,1.102,972.5,189.9,1162,NaN,NaN,18100,0.0854,0.1095,20,75,1609.34,1843,ACSSTW,0.0854,5.31E-05,6.80E-05,1,0.01,0.043193279,2.161150263,0.156188786,1.01E-08
Curlew/ACSS/TW,1033.5,<undefined>,NaN,NaN,0.4149,1.132,970.1,356.1,1326.2,NaN,NaN,28200,0.0845,0.1053,20,75,1609.34,1903,ACSSTW,0.0845,5.25E-05,6.54E-05,1,0.01,0.046275948,2.16265702,0.156479092,2.33E-09
Avocet/ACSS/TW,1113,<undefined>,NaN,NaN,0.2712,1.129,1047,152.1,1199,NaN,NaN,16300,0.0794,0.1022,20,75,1609.34,1925,ACSSTW,0.0794,4.93E-05,6.35E-05,1,0.01,0.042524442,2.160275389,0.156180677,1.79E-09
Bluejay/ACSS/TW,1113,<undefined>,NaN,NaN,0.3147,1.143,1048,204.8,1253,NaN,NaN,19500,0.0793,0.1019,20,75,1609.34,1935,ACSSTW,0.0793,4.93E-05,6.33E-05,1,0.01,0.042510457,2.160209204,0.156187532,5.73E-09
Finch/ACSS/TW,1113,<undefined>,NaN,NaN,0.431,1.185,1051,376.1,1427,NaN,NaN,30400,0.0789,0.101,20,75,1609.34,1965,ACSSTW,0.0789,4.90E-05,6.28E-05,1,0.01,0.042354614,2.159276162,0.156282252,4.78E-10
Oxbird/ACSS/TW,1192.5,<undefined>,NaN,NaN,0.2808,1.17,1122.9,163.1,1286,NaN,NaN,17500,0.0741,0.0957,20,75,1609.34,2013,ACSSTW,0.0741,4.60E-05,5.95E-05,1,0.01,0.04168495,2.159098859,0.156107294,2.95E-09
Bunting/ACSS/TW,1192.5,<undefined>,NaN,NaN,0.3255,1.181,1123.2,219.6,1342.8,NaN,NaN,20900,0.074,0.0954,20,75,1609.34,2023,ACSSTW,0.074,4.60E-05,5.93E-05,1,0.01,0.041775075,2.159057486,0.156135037,4.12E-11
Grackle/ACSS/TW,1192.5,<undefined>,NaN,NaN,0.446,1.225,1127.8,402.9,1530.7,NaN,NaN,32600,0.0737,0.0944,20,75,1609.34,2055,ACSSTW,0.0737,4.58E-05,5.87E-05,1,0.01,0.041845906,2.158509825,0.156257747,1.74E-09
Scissortail/ACSS/TW,1272,<undefined>,NaN,NaN,0.2901,1.203,1197,174,1371,NaN,NaN,18700,0.0695,0.09,20,75,1609.34,2098,ACSSTW,0.0695,4.32E-05,5.59E-05,1,0.01,0.041144658,2.158578808,0.156105865,3.79E-09
Bittern/ACSS/TW,1272,<undefined>,NaN,NaN,0.3363,1.224,1197.6,234.9,1432.5,NaN,NaN,22300,0.0694,0.0897,20,75,1609.34,2110,ACSSTW,0.0694,4.31E-05,5.57E-05,1,0.01,0.040988276,2.158180694,0.156205639,1.56E-09
Pheasant/ACSS/TW,1272,<undefined>,NaN,NaN,0.4605,1.26,1201,429.5,1630.5,NaN,NaN,34100,0.0691,0.0887,20,75,1609.34,2143,ACSSTW,0.0691,4.29E-05,5.51E-05,1,0.01,0.041358386,2.15785724,0.156221779,2.32E-09
Dipper/ACSS/TW,1351.5,<undefined>,NaN,NaN,0.3465,1.256,1273,248.3,1521,NaN,NaN,23700,0.0653,0.0847,20,75,1609.34,2194,ACSSTW,0.0653,4.06E-05,5.26E-05,1,0.01,0.040420573,2.157570647,0.156135953,2.88E-09
Martin/ACSS/TW,1351.5,<undefined>,NaN,NaN,0.4745,1.3,1276.1,456,1732.1,NaN,NaN,36200,0.065,0.0837,20,75,1609.34,2228,ACSSTW,0.065,4.04E-05,5.20E-05,1,0.01,0.040585704,2.156845895,0.156285805,3.67E-09
Bobolink/ACSS/TW,1431,<undefined>,NaN,NaN,0.3567,1.291,1347,263.1,1611,NaN,NaN,25100,0.0617,0.0802,20,75,1609.34,2276,ACSSTW,0.0617,3.83E-05,4.98E-05,1,0.01,0.039870732,2.156881911,0.156053618,2.55E-10
Plover/ACSS/TW,1431,<undefined>,NaN,NaN,0.4885,1.337,1351,483.2,1834,NaN,NaN,38400,0.0614,0.0793,20,75,1609.34,2313,ACSSTW,0.0614,3.82E-05,4.93E-05,1,0.01,0.040004753,2.15624481,0.156225507,4.55E-09
Lapwing/ACSS/TW,1590,<undefined>,NaN,NaN,0.3759,1.358,1497.6,292.3,1789.9,NaN,NaN,27900,0.0555,0.0727,20,75,1609.34,2435,ACSSTW,0.0555,3.45E-05,4.52E-05,1,0.01,0.03856904,2.15544732,0.156030581,3.77E-09
Falcon/ACSS/TW,1590,<undefined>,NaN,NaN,0.515,1.41,1502.8,537.2,2040,NaN,NaN,42600,0.0553,0.0717,20,75,1609.34,2477,ACSSTW,0.0553,3.44E-05,4.46E-05,1,0.01,0.038978112,2.154912606,0.156194891,2.82E-09
Chukar/ACSS/TW,1780,<undefined>,NaN,NaN,0.437,1.445,1680.6,386.8,2067.4,NaN,NaN,35300,0.0495,0.0652,20,75,1609.34,2630,ACSSTW,0.0495,3.08E-05,4.05E-05,1,0.01,0.037405333,2.153944393,0.155916241,1.61E-09
Bluebird/ACSS/TW,2156,<undefined>,NaN,NaN,0.4805,1.608,2045,467.5,2512,NaN,NaN,42100,0.0412,0.0543,20,75,1609.34,3014,ACSSTW,0.0412,2.56E-05,3.37E-05,1,0.01,0.036742505,2.152611357,0.155909851,1.13E-08
Mohawk/ACSS/TW,571.7,<undefined>,NaN,NaN,0.309,0.85,537,197.5,734.5,NaN,NaN,15600,0.1527,0.1884,20,75,1609.34,1294,ACSSTW,0.1527,9.49E-05,0.000117067,1,0.01,0.051915879,2.170235163,0.156323257,2.28E-09
Calumet/ACSS/TW,565.3,<undefined>,NaN,NaN,0.3438,0.86,531.2,244.5,775.7,NaN,NaN,18400,0.154,0.1898,20,75,1609.34,1295,ACSSTW,0.154,9.57E-05,0.000117937,1,0.01,0.051914532,2.170231581,0.156322805,2.24E-09
Mystic/ACSS/TW,666.6,<undefined>,NaN,NaN,0.3732,0.913,630.4,230.3,860.7,NaN,NaN,18200,0.131,0.1619,20,75,1609.34,1431,ACSSTW,0.131,8.14E-05,0.0001006,1,0.01,0.050658368,2.168571677,0.156387507,4.80E-09
Oswego/ACSS/TW,664.8,<undefined>,NaN,NaN,0.3732,0.927,628.7,288.7,917.4,NaN,NaN,21700,0.1309,0.1616,20,75,1609.34,1439,ACSSTW,0.1309,8.13E-05,0.000100414,1,0.01,0.05050851,2.16841395,0.156390367,7.60E-09
Maumee/ACSS/TW,768.2,<undefined>,NaN,NaN,0.3585,0.977,721.1,265.9,987,NaN,NaN,21000,0.1137,0.1407,20,75,1609.34,1569,ACSSTW,0.1137,7.07E-05,8.74E-05,1,0.01,0.049378086,2.166898424,0.156387433,2.49E-08
Wabash/ACSS/TW,762.8,<undefined>,NaN,NaN,0.3993,0.99,716.7,329.8,1046.5,NaN,NaN,24900,0.1141,0.1411,20,75,1609.34,1573,ACSSTW,0.1141,7.09E-05,8.77E-05,1,0.01,0.049212426,2.166474867,0.156483082,1.50E-08
Kettle/ACSS/TW,957.2,<undefined>,NaN,NaN,0.2919,1.06,901.6,176.2,1078,NaN,NaN,16800,0.0922,0.118,20,75,1609.34,1753,ACSSTW,0.0922,5.73E-05,7.33E-05,1,0.01,0.043951588,2.162065056,0.156144598,8.38E-10
Fraser/ACSS/TW,946.7,<undefined>,NaN,NaN,0.3462,1.077,892.6,247.9,1141,NaN,NaN,21100,0.093,0.1187,20,75,1609.34,1756,ACSSTW,0.093,5.78E-05,7.38E-05,1,0.01,0.04398186,2.161821831,0.15620903,9.61E-10
Columbia/ACSS/TW,966.2,<undefined>,NaN,NaN,0.4014,1.092,906.9,333.2,1240,NaN,NaN,26400,0.0904,0.1124,20,75,1609.34,1822,ACSSTW,0.0904,5.62E-05,6.98E-05,1,0.01,0.047154675,2.163892988,0.156453534,3.81E-09
Suwannee/ACSS/TW,959.6,<undefined>,NaN,NaN,0.4479,1.11,901.6,415,1316.6,NaN,NaN,30700,0.0907,0.1127,20,75,1609.34,1828,ACSSTW,0.0907,5.64E-05,7.00E-05,1,0.01,0.046913583,2.163515452,0.156429179,1.24E-08
Cheyenne/ACSS/TW,1168.1,<undefined>,NaN,NaN,0.2778,1.155,1099,159.6,1259,NaN,NaN,17200,0.0757,0.0979,20,75,1609.34,1986,ACSSTW,0.0757,4.70E-05,6.08E-05,1,0.01,0.041877671,2.159852414,0.156072512,8.30E-09
Genesee/ACSS/TW,1158,<undefined>,NaN,NaN,0.3234,1.165,1092,216,1308,NaN,NaN,20500,0.0762,0.0981,20,75,1609.34,1985,ACSSTW,0.0762,4.73E-05,6.10E-05,1,0.01,0.042067275,2.159526785,0.156209843,1.96E-09
Hudson/ACSS/TW,1158.4,<undefined>,NaN,NaN,0.4401,1.196,1087.3,400.7,1488,NaN,NaN,31100,0.0754,0.0943,20,75,1609.34,2051,ACSSTW,0.0754,4.69E-05,5.86E-05,1,0.01,0.045205862,2.161403277,0.156455048,3.19E-09
Catawba/ACSS/TW,1272,<undefined>,NaN,NaN,0.2901,1.203,1197,174,1371,NaN,NaN,18700,0.0695,0.09,20,75,1609.34,2098,ACSSTW,0.0695,4.32E-05,5.59E-05,1,0.01,0.041144658,2.158578808,0.156105865,3.79E-09
Nelson/ACSS/TW,1257.1,<undefined>,NaN,NaN,0.3345,1.213,1184,231.4,1415,NaN,NaN,22100,0.0702,0.0907,20,75,1609.34,2094,ACSSTW,0.0702,4.36E-05,5.64E-05,1,0.01,0.041217524,2.158482785,0.156144487,2.21E-09
Yukon/ACSS/TW,1233.6,<undefined>,NaN,NaN,0.455,1.245,1166.7,419.3,1586,NaN,NaN,33200,0.0712,0.0914,20,75,1609.34,2101,ACSSTW,0.0712,4.42E-05,5.68E-05,1,0.01,0.041446039,2.15803534,0.156253781,1.67E-09
Truckee/ACSS/TW,1372.5,<undefined>,NaN,NaN,0.3012,1.248,1292,187.6,1479,NaN,NaN,20200,0.0644,0.0838,20,75,1609.34,2203,ACSSTW,0.0644,4.00E-05,5.21E-05,1,0.01,0.040233439,2.157663353,0.156084278,6.38E-09
Mackenzie/ACSS/TW,1359.7,<undefined>,NaN,NaN,0.3477,1.259,1281,250,1531,NaN,NaN,23900,0.0649,0.0842,20,75,1609.34,2202,ACSSTW,0.0649,4.03E-05,5.23E-05,1,0.01,0.040358004,2.157290755,0.156088105,2.68E-09
Thames/ACSS/TW,1334.6,<undefined>,NaN,NaN,0.472,1.29,1260.1,451.2,1711.3,NaN,NaN,35800,0.0658,0.0847,20,75,1609.34,2209,ACSSTW,0.0658,4.09E-05,5.26E-05,1,0.01,0.040717426,2.157181154,0.156288065,2.79E-09
St.Croix/ACSS/TW,NaN,<undefined>,NaN,NaN,0.3123,1.292,1381,201.7,1583,NaN,NaN,21600,0.0602,0.0787,20,75,1609.34,2302,ACSSTW,0.0602,3.74E-05,4.89E-05,1,0.01,0.039390694,2.156583141,0.156019743,1.73E-09
Miramichi/ACSS/TW,1455.3,<undefined>,NaN,NaN,0.36,1.302,1372,268,1640,NaN,NaN,25600,0.0607,0.079,20,75,1609.34,2338,ACSSTW,0.0607,3.77E-05,4.91E-05,1,0.01,0.040887978,2.158809535,0.156006441,2.73E-09
Merrimack/ACSS/TW,1433.6,<undefined>,NaN,NaN,0.489,1.34,1355.8,484.3,1840.1,NaN,NaN,42000,0.0613,0.0791,20,75,1609.34,2354,ACSSTW,0.0613,3.81E-05,4.92E-05,1,0.01,0.041262709,2.158308351,0.156107303,2.91E-09
Platte/ACSS/TW,1569,<undefined>,NaN,NaN,0.3222,1.334,1478,215,1693,NaN,NaN,24600,0.0564,0.074,20,75,1609.34,2439,ACSSTW,0.0564,3.50E-05,4.60E-05,1,0.01,0.039836276,2.157914571,0.15590224,1.55E-10
Potomac/ACSS/TW,1557.4,<undefined>,NaN,NaN,0.3723,1.35,1466.9,288.1,1755,NaN,NaN,29000,0.0567,0.0741,20,75,1609.34,2441,ACSSTW,0.0567,3.52E-05,4.60E-05,1,0.01,0.039916322,2.157480246,0.15593469,1.46E-09
RioGrande/ACSS/TW,NaN,<undefined>,NaN,NaN,0.506,1.38,1449,519,1968,NaN,NaN,45000,0.0573,0.0742,20,75,1609.34,2456,ACSSTW,0.0573,3.56E-05,4.61E-05,1,0.01,0.040561449,2.157602213,0.156035086,4.60E-10
Schuylkill/ACSS/TW,1657.4,<undefined>,NaN,NaN,0.384,1.386,1563,305,1868,NaN,NaN,30900,0.0533,0.07,20,75,1609.34,2539,ACSSTW,0.0533,3.31E-05,4.35E-05,1,0.01,0.039233891,2.156903796,0.155943557,3.87E-09
Pecos/ACSS/TW,1622,<undefined>,NaN,NaN,0.532,1.42,1533.7,573.2,2106.9,NaN,NaN,49300,0.0541,0.0703,20,75,1609.34,2551,ACSSTW,0.0541,3.36E-05,4.37E-05,1,0.01,0.039945725,2.156870189,0.156086487,1.76E-09
PeeDee/ACSS/TW,NaN,<undefined>,NaN,NaN,0.3957,1.427,1656.4,323.9,1980.3,NaN,NaN,32800,0.0502,0.0663,20,75,1609.34,2637,ACSSTW,0.0502,3.12E-05,4.12E-05,1,0.01,0.038370182,2.155938174,0.155804997,3.11E-10
James/ACSS/TW,1730.6,<undefined>,NaN,NaN,0.5375,1.47,1636,585,2221,NaN,NaN,50800,0.0508,0.0663,20,75,1609.34,2657,ACSSTW,0.0508,3.16E-05,4.12E-05,1,0.01,0.039057724,2.155749803,0.155962596,1.20E-08
Athabaska/ACSS/TW,1949.6,<undefined>,NaN,NaN,0.4176,1.504,1836,360.7,2197,NaN,NaN,36500,0.0453,0.0595,20,75,1609.34,2808,ACSSTW,0.0453,2.81E-05,3.70E-05,1,0.01,0.037668603,2.154019697,0.156004224,6.28E-09
Cumberland/ACSS/TW,1926.9,<undefined>,NaN,NaN,0.5665,1.55,1821,650,2471,NaN,NaN,56400,0.0456,0.06,20,75,1609.34,2802,ACSSTW,0.0456,2.83E-05,3.73E-05,1,0.01,0.036581041,2.151990674,0.156024589,1.43E-08
Powder/ACSS/TW,2153.8,<undefined>,NaN,NaN,0.4805,1.602,2042.5,396.1,2438.6,NaN,NaN,45500,0.0412,0.0543,20,75,1609.34,3009,ACSSTW,0.0412,2.56E-05,3.37E-05,1,0.01,0.036756987,2.15271245,0.155992428,2.36E-08
Santee/ACSS/TW,2627.3,<undefined>,NaN,NaN,0.531,1.761,2491.5,571.1,3062.6,NaN,NaN,55600,0.0338,0.0459,20,75,1609.34,3403,ACSSTW,0.0338,2.10E-05,2.85E-05,1,0.01,0.033325094,2.144411082,0.155565074,3.63E-09
Tulip/TW,336.4,<undefined>,NaN,NaN,NaN,0.612,NaN,NaN,315.2,NaN,NaN,6220,0.0514,0.063,25,75,304.8,502,AACTW,0.0514,0.000168635,0.000206693,1,0.01,0.019422419,2.093981673,0.158782989,4.13E-09
Canna/TW,397.5,<undefined>,NaN,NaN,NaN,0.661,NaN,NaN,372.4,NaN,NaN,7230,0.0435,0.0534,25,75,304.8,557,AACTW,0.0435,0.000142717,0.000175197,1,0.01,0.018714166,2.090348478,0.158746696,5.11E-09
Cosmos/TW,477,<undefined>,NaN,NaN,NaN,0.72,NaN,NaN,446.9,NaN,NaN,8530,0.0363,0.0445,25,75,304.8,623,AACTW,0.0363,0.000119094,0.000145997,1,0.01,0.018016773,2.086756794,0.158911995,3.56E-09
Zinnia/TW,500,<undefined>,NaN,NaN,NaN,0.736,NaN,NaN,468.4,NaN,NaN,8940,0.0346,0.0425,25,75,304.8,641,AACTW,0.0346,0.000113517,0.000139436,1,0.01,0.017730244,2.085060942,0.158673373,4.83E-09
Mistletoe/TW,556.5,<undefined>,NaN,NaN,NaN,0.775,NaN,NaN,521.3,NaN,NaN,9950,0.0311,0.0383,25,75,304.8,685,AACTW,0.0311,0.000102034,0.000125656,1,0.01,0.017220867,2.082242877,0.161749752,2.06E-10
Meadowsweet/TW,600,<undefined>,NaN,NaN,NaN,0.803,NaN,NaN,652.1,NaN,NaN,10700,0.0288,0.0355,25,75,304.8,718,AACTW,0.0288,9.45E-05,0.00011647,1,0.01,0.016894958,2.080429864,0.167466865,3.94E-10
Orchid/TW,636,<undefined>,NaN,NaN,NaN,0.825,NaN,NaN,595.8,NaN,NaN,11400,0.0272,0.0335,25,75,304.8,744,AACTW,0.0272,8.92E-05,0.000109908,1,0.01,0.016711669,2.079360715,0.170892778,5.09E-09
Verbena/TW,700,<undefined>,NaN,NaN,NaN,0.864,NaN,NaN,655.7,NaN,NaN,12500,0.0247,0.0305,25,75,304.8,789,AACTW,0.0247,8.10E-05,0.000100066,1,0.01,0.016235846,2.076522575,0.180598141,1.11E-08
Nasturtium/TW,750,<undefined>,NaN,NaN,NaN,0.893,NaN,NaN,702.6,NaN,NaN,13400,0.023,0.0286,25,75,304.8,823,AACTW,0.023,7.55E-05,9.38E-05,1,0.01,0.015719159,2.07329765,0.192708264,3.25E-09
Arbutus/TW,795,<undefined>,NaN,NaN,NaN,0.919,NaN,NaN,744.7,NaN,NaN,13900,0.0217,0.027,25,75,304.8,853,AACTW,0.0217,7.12E-05,8.86E-05,1,0.01,0.015473095,2.071832739,0.202942091,6.60E-09
Cockscomb/TW,900,<undefined>,NaN,NaN,NaN,0.99,NaN,NaN,846.6,NaN,NaN,15800,0.0192,0.0239,25,75,304.8,924,AACTW,0.0192,6.30E-05,7.84E-05,1,0.01,0.014923706,2.06836519,0.215581083,2.85E-09
Magnolia/TW,954,<undefined>,NaN,NaN,NaN,1.018,NaN,NaN,897.4,NaN,NaN,16700,0.0181,0.0226,25,75,304.8,957,AACTW,0.0181,5.94E-05,7.41E-05,1,0.01,0.014600015,2.066190349,0.270202103,5.62E-09
Hawkweed/TW,1000,<undefined>,NaN,NaN,NaN,1.041,NaN,NaN,940.6,NaN,NaN,17500,0.0173,0.0216,25,75,304.8,984,AACTW,0.0173,5.68E-05,7.09E-05,1,0.01,0.014436143,2.065113356,0.450264416,8.47E-10
Bluebell/TW,1033.5,<undefined>,NaN,NaN,NaN,1.057,NaN,NaN,972.2,NaN,NaN,18100,0.0167,0.021,25,75,304.8,1004,AACTW,0.0167,5.48E-05,6.89E-05,1,0.01,0.014095287,2.062724558,0.267113912,1.69E-09
Marigold/TW,1113,<undefined>,NaN,NaN,NaN,1.095,NaN,NaN,1047,NaN,NaN,19500,0.0155,0.0195,25,75,304.8,1049,AACTW,0.0155,5.09E-05,6.40E-05,1,0.023333333,0.050173187,2.124509163,0.135109696,1.07E-10
Hawthorn/TW,1192.5,<undefined>,NaN,NaN,NaN,1.132,NaN,NaN,1122,NaN,NaN,20900,0.0145,0.0183,25,75,304.8,1094,AACTW,0.0145,4.76E-05,6.00E-05,1,0.01,0.012989107,2.058511002,0.416509097,3.50E-09
Narcissus/TW,1272,<undefined>,NaN,NaN,NaN,1.168,NaN,NaN,1196,NaN,NaN,22300,0.0136,0.0173,25,75,304.8,1136,AACTW,0.0136,4.46E-05,5.68E-05,1,0.023333333,0.050066047,2.11985919,0.1355267,1.22E-09
Columbine/TW,1351.5,<undefined>,NaN,NaN,NaN,1.202,NaN,NaN,1271,NaN,NaN,23700,0.0128,0.0163,25,75,304.8,1177,AACTW,0.0128,4.20E-05,5.35E-05,1,0.023333333,0.050390592,2.118276947,0.135627411,2.52E-09
Carnation/TW,1431,<undefined>,NaN,NaN,NaN,1.236,NaN,NaN,1346,NaN,NaN,24600,0.0121,0.0155,25,75,304.8,1218,AACTW,0.0121,3.97E-05,5.09E-05,1,0.023333333,0.049797853,2.11603271,0.135930214,2.56E-09
Coreopsis/TW,1590,<undefined>,NaN,NaN,NaN,1.315,NaN,NaN,1503,NaN,NaN,27300,0.0109,0.0141,25,75,304.8,1298,AACTW,0.0109,3.58E-05,4.63E-05,1,0.023333333,0.050295198,2.111133817,0.13614464,6.68E-09
Jessamine/TW,1750,<undefined>,NaN,NaN,NaN,1.377,NaN,NaN,1654,NaN,NaN,30000,0.0099,0.0129,25,75,304.8,1371,AACTW,0.0099,3.25E-05,4.23E-05,1,0.023333333,0.050714769,2.107261157,0.136480904,1.27E-09
Cowslip/TW,2000,<undefined>,NaN,NaN,NaN,1.468,NaN,NaN,1890,NaN,NaN,34500,0.0086,0.0115,25,75,304.8,1477,AACTW,0.0086,2.82E-05,3.77E-05,1,0.023333333,0.04997133,2.097719563,0.136899382,3.95E-09
Lupine/TW,2500,<undefined>,NaN,NaN,NaN,1.648,NaN,NaN,2369,NaN,NaN,42400,0.007,0.0097,25,75,304.8,1661,AACTW,0.007,2.30E-05,3.18E-05,1,0.023333333,0.042038965,2.083053705,0.137584727,2.43E-09
Trillium/TW,3000,<undefined>,NaN,NaN,NaN,1.799,NaN,NaN,2843,NaN,NaN,50900,0.0058,0.0084,25,75,304.8,1822,AACTW,0.0058,1.90E-05,2.76E-05,1,0.023333333,0.033786519,2.064420981,0.154232165,3.24E-10
Logan/TW,322.5,<undefined>,NaN,NaN,NaN,0.6,NaN,NaN,302.1,NaN,NaN,5960,0.0536,0.0657,25,75,304.8,489,AACTW,0.0536,0.000175853,0.000215551,1,0.01,0.019592257,2.094860074,0.15882533,1.13E-10
Wheeler/TW,449.4,<undefined>,NaN,NaN,NaN,0.7,NaN,NaN,421,NaN,NaN,8030,0.0385,0.0472,25,75,304.8,601,AACTW,0.0385,0.000126312,0.000154856,1,0.01,0.018276169,2.087987637,0.158655055,1.22E-09
Robson/TW,595.8,<undefined>,NaN,NaN,NaN,0.8,NaN,NaN,558.2,NaN,NaN,10700,0.029,0.0358,25,75,304.8,715,AACTW,0.029,9.51E-05,0.000117454,1,0.01,0.016884574,2.080252944,0.167656874,3.82E-09
McKinley/TW,761.5,<undefined>,NaN,NaN,NaN,0.9,NaN,NaN,713.3,NaN,NaN,13400,0.0227,0.0281,25,75,304.8,831,AACTW,0.0227,7.45E-05,9.22E-05,1,0.01,0.015830875,2.074034926,0.189931421,4.49E-09
Rainier/TW,918.8,<undefined>,NaN,NaN,NaN,1,NaN,NaN,864.3,NaN,NaN,16100,0.0188,0.0235,25,75,304.8,935,AACTW,0.0188,6.17E-05,7.71E-05,1,0.01,0.014698351,2.066822281,0.223268929,6.23E-10
Helens/TW,1123.1,<undefined>,NaN,NaN,NaN,1.1,NaN,NaN,1056,NaN,NaN,19700,0.0154,0.0194,25,75,304.8,1055,AACTW,0.0154,5.05E-05,6.36E-05,1,0.023333333,0.050246564,2.124411241,0.135175725,5.82E-10
Baker/TW,1346.8,<undefined>,NaN,NaN,NaN,1.2,NaN,NaN,1267,NaN,NaN,23600,0.0128,0.0164,25,75,304.8,1175,AACTW,0.0128,4.20E-05,5.38E-05,1,0.023333333,0.050485818,2.116940009,0.135577646,1.18E-09
Hood/TW,1583.2,<undefined>,NaN,NaN,NaN,1.3,NaN,NaN,1489,NaN,NaN,27200,0.0109,0.0141,25,75,304.8,1292,AACTW,0.0109,3.58E-05,4.63E-05,1,0.023333333,0.050403381,2.111307974,0.136088773,3.08E-09
Whitney/TW,1812.7,<undefined>,NaN,NaN,NaN,1.4,NaN,NaN,1713,NaN,NaN,31100,0.0095,0.0125,25,75,304.8,1398,AACTW,0.0095,3.12E-05,4.10E-05,1,0.023333333,0.050612316,2.103847848,0.1365957,1.41E-09
Powell/TW,2093.6,<undefined>,NaN,NaN,NaN,1.5,NaN,NaN,1978,NaN,NaN,35900,0.0083,0.0112,25,75,304.8,1508,AACTW,0.0083,2.72E-05,3.67E-05,1,0.023333333,0.04817152,2.094560607,0.137032353,2.85E-09
Jefferson/TW,2388.1,<undefined>,NaN,NaN,NaN,1.6,NaN,NaN,2256,NaN,NaN,40100,0.0073,0.01,25,75,304.8,1618,AACTW,0.0073,2.40E-05,3.28E-05,1,0.023333333,0.044141035,2.087177497,0.137403434,6.39E-10
Shasta/TW,2667.2,<undefined>,NaN,NaN,NaN,1.7,NaN,NaN,2528,NaN,NaN,45200,0.0065,0.0092,25,75,304.8,1718,AACTW,0.0065,2.13E-05,3.02E-05,1,0.023333333,0.038183245,2.074801686,0.137633883,1.31E-09
Adams/TW,3006.2,<undefined>,NaN,NaN,NaN,1.8,NaN,NaN,2848,NaN,NaN,51000,0.0059,0.0085,25,75,304.8,1818,AACTW,0.0059,1.94E-05,2.79E-05,1,0.023333333,0.034769751,2.066848486,0.137642731,8.37E-11
Partridge/TW,266.8,<undefined>,NaN,NaN,0.2364,0.595,250,116,366,NaN,NaN,11200,0.3356,0.4103,20,75,1609.34,449,ACSRTW,0.3356,0.000208533,0.000254949,1,0.01,0.020949988,2.101685743,0.159169113,8.23E-09
Linnet/TW,336.4,<undefined>,NaN,NaN,0.2655,0.667,316,146,462,NaN,NaN,14000,0.2662,0.3255,20,75,1609.34,519,ACSRTW,0.2662,0.000165409,0.000202257,1,0.01,0.019855087,2.096391748,0.159083022,6.95E-10
Oriole/TW,336.4,<undefined>,NaN,NaN,0.3177,0.693,317,209,526,NaN,NaN,17100,0.265,0.3239,20,75,1609.34,525,ACSRTW,0.265,0.000164664,0.000201263,1,0.01,0.019495949,2.094675015,0.159220494,2.39E-09
Merlin/TW,336.4,<undefined>,NaN,NaN,0.1367,0.63,315,50,365,NaN,NaN,8560,0.2693,0.3298,20,75,1609.34,508,ACSRTW,0.2693,0.000167336,0.000204929,1,0.01,0.020304202,2.098635862,0.159167056,2.54E-09
Flicker/TW,477,<undefined>,NaN,NaN,0.282,0.776,448,165,613,NaN,NaN,17200,0.1884,0.2308,20,75,1609.34,641,ACSRTW,0.1884,0.000117067,0.000143413,1,0.01,0.018439285,2.089207944,0.159111158,1.12E-09
Hawk/TW,477,<undefined>,NaN,NaN,0.3159,0.789,449,206,655,NaN,NaN,19400,0.1877,0.2299,20,75,1609.34,645,ACSRTW,0.1877,0.000116632,0.000142854,1,0.01,0.018305825,2.088536893,0.159241547,2.86E-09
Hen/TW,477,<undefined>,NaN,NaN,0.3783,0.82,450,296,746,NaN,NaN,23600,0.1869,0.2287,20,75,1609.34,653,ACSRTW,0.1869,0.000116135,0.000142108,1,0.01,0.018016379,2.087016763,0.159214716,2.86E-09
Parakeet/TW,556.5,<undefined>,NaN,NaN,0.3045,0.835,523,192,715,NaN,NaN,20000,0.1615,0.198,20,75,1609.34,707,ACSRTW,0.1615,0.000100352,0.000123032,1,0.01,0.017876198,2.086203806,0.159145844,1.93E-09
Dove/TW,556.5,<undefined>,NaN,NaN,0.3414,0.852,524,241,765,NaN,NaN,22600,0.1609,0.1973,20,75,1609.34,711,ACSRTW,0.1609,1.00E-04,0.000122597,1,0.01,0.017658064,2.085000616,0.159154007,7.65E-09
Swift/TW,636,<undefined>,NaN,NaN,0.1329,0.85,599,47,646,NaN,NaN,13500,0.1435,0.1821,20,75,1609.34,740,ACSRTW,0.1435,8.92E-05,0.000113152,1,0.01,0.016261701,2.076636856,0.180038641,1.89E-09
Rook/TW,636,<undefined>,NaN,NaN,0.3255,0.89,597,219,816,NaN,NaN,22900,0.1413,0.1735,20,75,1609.34,767,ACSRTW,0.1413,8.78E-05,0.000107808,1,0.01,0.017259051,2.082753872,0.161099839,4.57E-09
Scoter/TW,636,<undefined>,NaN,NaN,0.4368,0.942,600,395,995,NaN,NaN,30400,0.1398,0.1714,20,75,1609.34,783,ACSRTW,0.1398,8.69E-05,0.000106503,1,0.01,0.016869917,2.080602205,0.182753101,1.85E-09
Grosbeak/TW,636,<undefined>,NaN,NaN,0.3648,0.908,599,275,873,NaN,NaN,25400,0.1408,0.1728,20,75,1609.34,772,ACSRTW,0.1408,8.75E-05,0.000107373,1,0.01,0.017098043,2.081837844,0.187626566,6.64E-09
Tern/TW,795,<undefined>,NaN,NaN,0.2658,0.96,746,146,892,NaN,NaN,21000,0.1138,0.1405,20,75,1609.34,869,ACSRTW,0.1138,7.07E-05,8.73E-05,1,0.01,0.016441874,2.078015426,0.196386971,1.56E-09
Puffin/TW,795,<undefined>,NaN,NaN,0.3324,0.98,747,228,975,NaN,NaN,25900,0.1133,0.1397,20,75,1609.34,876,ACSRTW,0.1133,7.04E-05,8.68E-05,1,0.01,0.016332757,2.077364384,0.210782849,2.49E-09
Condor/TW,795,<undefined>,NaN,NaN,0.3639,0.993,747,274,1021,NaN,NaN,28200,0.113,0.1392,20,75,1609.34,880,ACSRTW,0.113,7.02E-05,8.65E-05,1,0.01,0.016250453,2.076871315,0.280413259,3.05E-09
Drake/TW,795,<undefined>,NaN,NaN,0.408,1.01,748,344,1092,NaN,NaN,31800,0.1126,0.1386,20,75,1609.34,886,ACSRTW,0.1126,7.00E-05,8.61E-05,1,0.01,0.01616144,2.07635738,0.182550846,1.69E-09
Phoenix/TW,954,<undefined>,NaN,NaN,0.2511,1.044,898,131,1029,NaN,NaN,23700,0.0954,0.1217,20,75,1609.34,956,ACSRTW,0.0954,5.93E-05,7.56E-05,1,0.01,0.014633463,2.066469199,0.241311773,1.89E-09
Rail/TW,954,<undefined>,NaN,NaN,0.2913,1.061,900,175,1075,NaN,NaN,25900,0.0953,0.1214,20,75,1609.34,960,ACSRTW,0.0953,5.92E-05,7.54E-05,1,0.01,0.014543039,2.065893571,0.2289445,1.58E-09
Cardinal/TW,954,<undefined>,NaN,NaN,0.3987,1.084,897,329,1226,NaN,NaN,33500,0.0942,0.1164,20,75,1609.34,985,ACSRTW,0.0942,5.85E-05,7.23E-05,1,0.01,0.015507813,2.072306537,0.661574022,1.30E-09
Snowbird/TW,1033.5,<undefined>,NaN,NaN,0.2613,1.089,974,141,1115,NaN,NaN,25700,0.088,0.1126,20,75,1609.34,1004,ACSRTW,0.088,5.47E-05,7.00E-05,1,0.01,0.014218757,2.063645146,0.401113459,1.35E-09
Ortolan/TW,1033.5,<undefined>,NaN,NaN,0.303,1.102,975,190,1165,NaN,NaN,28100,0.0879,0.1123,20,75,1609.34,1008,ACSRTW,0.0879,5.46E-05,6.98E-05,1,0.023333333,0.05028656,2.126998392,0.135021778,5.69E-10
Curlew/TW,1033.5,<undefined>,NaN,NaN,0.4149,1.129,971,356,1327,NaN,NaN,36300,0.0869,0.1077,20,75,1609.34,1035,ACSRTW,0.0869,5.40E-05,6.69E-05,1,0.023333333,0.049863104,2.131797455,0.134895531,4.69E-09
Avocet/TW,1113,<undefined>,NaN,NaN,0.2712,1.129,1049,152,1201,NaN,NaN,27500,0.0818,0.1048,20,75,1609.34,1050,ACSRTW,0.0818,5.08E-05,6.51E-05,1,0.023333333,0.049693865,2.12552678,0.135256343,3.75E-09
Bluejay/TW,1113,<undefined>,NaN,NaN,0.3147,1.143,1049,205,1254,NaN,NaN,30300,0.0816,0.1045,20,75,1609.34,1055,ACSRTW,0.0816,5.07E-05,6.49E-05,1,0.023333333,0.049420424,2.125091184,0.135233162,8.67E-10
Finch/TW,1113,<undefined>,NaN,NaN,0.431,1.185,1053,376,1429,NaN,NaN,39100,0.0812,0.1035,20,75,1609.34,1071,ACSRTW,0.0812,5.05E-05,6.43E-05,1,0.023333333,0.050017811,2.125017098,0.135457151,5.20E-09
Oxbird/TW,1192.5,<undefined>,NaN,NaN,0.2808,1.167,1123,163,1286,NaN,NaN,29500,0.0763,0.0981,20,75,1609.34,1095,ACSRTW,0.0763,4.74E-05,6.10E-05,1,0.023333333,0.050207959,2.123548589,0.135342665,5.04E-09
Bunting/TW,1192.5,<undefined>,NaN,NaN,0.3255,1.181,1124,219,1343,NaN,NaN,32400,0.0762,0.0978,20,75,1609.34,1100,ACSRTW,0.0762,4.73E-05,6.08E-05,1,0.023333333,0.049941333,2.123418061,0.135371884,3.27E-09
Grackel/TW,1192.5,<undefined>,NaN,NaN,0.446,1.225,1127,403,1530,NaN,NaN,41900,0.0758,0.0968,20,75,1609.34,1117,ACSRTW,0.0758,4.71E-05,6.01E-05,1,0.023333333,0.050531785,2.123291047,0.135440019,3.52E-09
Scissortail/TW,1272,<undefined>,NaN,NaN,0.2901,1.203,1198,174,1372,NaN,NaN,31400,0.0715,0.0922,20,75,1609.34,1139,ACSRTW,0.0715,4.44E-05,5.73E-05,1,0.023333333,0.049507412,2.121855667,0.135482223,1.31E-09
Bittern/TW,1272,<undefined>,NaN,NaN,0.3363,1.22,1198,235,1433,NaN,NaN,34600,0.0714,0.0919,20,75,1609.34,1145,ACSRTW,0.0714,4.44E-05,5.71E-05,1,0.023333333,0.050474342,2.121831104,0.135675295,2.34E-09
Pheasant/TW,1272,<undefined>,NaN,NaN,0.4605,1.264,1202,430,1632,NaN,NaN,44100,0.0711,0.0909,20,75,1609.34,1162,ACSRTW,0.0711,4.42E-05,5.65E-05,1,0.023333333,0.049765091,2.121931174,0.135635296,8.80E-10
Dipper/TW,1351.5,<undefined>,NaN,NaN,0.3465,1.256,1274,248,1522,NaN,NaN,36700,0.0672,0.0868,20,75,1609.34,1187,ACSRTW,0.0672,4.18E-05,5.39E-05,1,0.023333333,0.049720587,2.119957101,0.135865191,1.51E-09
Martin/TW,1351.5,<undefined>,NaN,NaN,0.4745,1.3,1278,456,1734,NaN,NaN,46800,0.0669,0.0858,20,75,1609.34,1205,ACSRTW,0.0669,4.16E-05,5.33E-05,1,0.023333333,0.050356857,2.1203224,0.135917517,1.84E-09
Bobolink/TW,1431,<undefined>,NaN,NaN,0.3567,1.291,1350,263,1613,NaN,NaN,38900,0.0635,0.0822,20,75,1609.34,1229,ACSRTW,0.0635,3.95E-05,5.11E-05,1,0.023333333,0.050313597,2.11841036,0.135754553,5.34E-09
Plover/TW,1431,<undefined>,NaN,NaN,0.4885,1.337,1353,483,1836,NaN,NaN,49600,0.0632,0.0812,20,75,1609.34,1248,ACSRTW,0.0632,3.93E-05,5.05E-05,1,0.023333333,0.049678653,2.118804718,0.135945213,6.67E-09
Lapwing/TW,1590,<undefined>,NaN,NaN,0.3759,1.358,1500,292,1792,NaN,NaN,42200,0.0572,0.0745,20,75,1609.34,1308,ACSRTW,0.0572,3.55E-05,4.63E-05,1,0.023333333,0.05017081,2.115286008,0.136236945,4.22E-09
Falcon/TW,1590,<undefined>,NaN,NaN,0.515,1.408,1503,537,2040,NaN,NaN,55100,0.0569,0.0735,20,75,1609.34,1330,ACSRTW,0.0569,3.54E-05,4.57E-05,1,0.023333333,0.049616798,2.115843123,0.136213834,3.01E-09
Chukar/TW,1780,<undefined>,NaN,NaN,0.437,1.445,1676,387,2063,NaN,NaN,50700,0.0509,0.0667,20,75,1609.34,1405,ACSRTW,0.0509,3.16E-05,4.14E-05,1,0.023333333,0.050790885,2.111630552,0.136530529,4.32E-09
Bluebird/TW,2156,<undefined>,NaN,NaN,0.4805,1.608,2047,468,2515,NaN,NaN,61100,0.0424,0.0554,20,75,1609.34,1585,ACSRTW,0.0424,2.63E-05,3.44E-05,1,0.023333333,0.050565318,2.108292918,0.136855923,2.61E-09
Monongahela/TW,405.1,<undefined>,NaN,NaN,0.152,0.68,380,61,441,NaN,NaN,10200,0.2236,0.2741,20,75,1609.34,568,ACSRTW,0.2236,0.000138939,0.000170318,1,0.01,0.019535111,2.094786415,0.1590818,5.46E-09
Mohawk/TW,571.7,<undefined>,NaN,NaN,0.309,0.846,537,198,735,NaN,NaN,20600,0.1572,0.1928,20,75,1609.34,717,ACSRTW,0.1572,9.77E-05,0.000119801,1,0.01,0.017663433,2.085042375,0.159148948,5.57E-09
Calumet/TW,565.3,<undefined>,NaN,NaN,0.3441,0.858,531,245,776,NaN,NaN,22900,0.1584,0.1942,20,75,1609.34,717,ACSRTW,0.1584,9.84E-05,0.000120671,1,0.01,0.017563893,2.08448982,0.159557728,2.19E-09
Mystic/TW,666.6,<undefined>,NaN,NaN,0.3333,0.913,626,230,856,NaN,NaN,24000,0.1348,0.1656,20,75,1609.34,790,ACSRTW,0.1348,8.38E-05,0.000102899,1,0.01,0.01702569,2.081388933,0.190442641,1.71E-09
Oswego/TW,664.8,<undefined>,NaN,NaN,0.3732,0.927,625,288,913,NaN,NaN,26600,0.1347,0.1654,20,75,1609.34,793,ACSRTW,0.1347,8.37E-05,0.000102775,1,0.01,0.016901429,2.080709537,0.167338368,8.48E-09
Nechako/TW,768.9,<undefined>,NaN,NaN,0.152,0.93,724,61,785,NaN,NaN,16400,0.1187,0.151,20,75,1609.34,832,ACSRTW,0.1187,7.38E-05,9.38E-05,1,0.01,0.015511979,2.072102471,0.198111263,7.42E-09
Maumee/TW,768.2,<undefined>,NaN,NaN,0.3585,0.977,722,266,988,NaN,NaN,27700,0.117,0.144,20,75,1609.34,862,ACSRTW,0.117,7.27E-05,8.95E-05,1,0.01,0.01642286,2.077889206,0.253641748,1.62E-09
Wabash/TW,762.8,<undefined>,NaN,NaN,0.3993,0.99,717,330,1047,NaN,NaN,30500,0.1174,0.1446,20,75,1609.34,863,ACSRTW,0.1174,7.29E-05,8.99E-05,1,0.01,0.016288124,2.077090573,0.273564783,2.38E-09
Kettle/TW,957.2,<undefined>,NaN,NaN,0.2919,1.06,903,176,1079,NaN,NaN,26000,0.0949,0.121,20,75,1609.34,962,ACSRTW,0.0949,5.90E-05,7.52E-05,1,0.01,0.014534514,2.065800588,0.258887432,2.25E-09
Fraser/TW,946.7,<undefined>,NaN,NaN,0.3462,1.077,894,248,1142,NaN,NaN,29600,0.0957,0.1217,20,75,1609.34,963,ACSRTW,0.0957,5.95E-05,7.56E-05,1,0.01,0.014519742,2.06575083,0.62369721,6.69E-10
Columbia/TW,966.2,<undefined>,NaN,NaN,0.4014,1.092,908,333,1241,NaN,NaN,34000,0.093,0.115,20,75,1609.34,993,ACSRTW,0.093,5.78E-05,7.15E-05,1,0.01,0.0154323,2.071806129,0.770279838,1.20E-09
Suwannee/TW,959.6,<undefined>,NaN,NaN,0.4479,1.108,903,415,1318,NaN,NaN,37000,0.0933,0.1152,20,75,1609.34,996,ACSRTW,0.0933,5.80E-05,7.16E-05,1,0.023333333,0.050346607,2.132765085,0.134649574,6.67E-10
Cheyenne/TW,1168.1,<undefined>,NaN,NaN,0.2778,1.155,1100,160,1260,NaN,NaN,28900,0.0779,0.1001,20,75,1609.34,1081,ACSRTW,0.0779,4.84E-05,6.22E-05,1,0.023333333,0.050450624,2.12399436,0.135318821,1.94E-09
Genesee/TW,1158,<undefined>,NaN,NaN,0.3234,1.165,1092,216,1308,NaN,NaN,31600,0.0785,0.1005,20,75,1609.34,1081,ACSRTW,0.0785,4.88E-05,6.24E-05,1,0.023333333,0.050267673,2.124463322,0.135319273,3.36E-09
Hudson/TW,1158.4,<undefined>,NaN,NaN,0.4401,1.196,1089,400,1489,NaN,NaN,39600,0.0776,0.0964,20,75,1609.34,1111,ACSRTW,0.0776,4.82E-05,5.99E-05,1,0.023333333,0.049996148,2.129959065,0.135236234,1.91E-09
Catawba/TW,1272,<undefined>,NaN,NaN,0.2901,1.203,1198,174,1372,NaN,NaN,31400,0.0715,0.0922,20,75,1609.34,1139,ACSRTW,0.0715,4.44E-05,5.73E-05,1,0.023333333,0.049507412,2.121855667,0.135482223,1.31E-09
Nelson/TW,1257.1,<undefined>,NaN,NaN,0.3345,1.213,1186,231,1417,NaN,NaN,34200,0.0723,0.093,20,75,1609.34,1137,ACSRTW,0.0723,4.49E-05,5.78E-05,1,0.023333333,0.049384776,2.122126658,0.135531717,2.89E-10
Yukon/TW,1233.6,<undefined>,NaN,NaN,0.455,1.245,1167,419,1586,NaN,NaN,42900,0.0733,0.0937,20,75,1609.34,1140,ACSRTW,0.0733,4.55E-05,5.82E-05,1,0.023333333,0.050121677,2.122543857,0.135579056,8.02E-11
Truckee/TW,1372.5,<undefined>,NaN,NaN,0.3012,1.248,1293,188,1481,NaN,NaN,33400,0.0663,0.0858,20,75,1609.34,1192,ACSRTW,0.0663,4.12E-05,5.33E-05,1,0.023333333,0.049843774,2.119720662,0.135770211,5.59E-09
Mackenzie/TW,1359.7,<undefined>,NaN,NaN,0.3477,1.259,1280,250,1530,NaN,NaN,36900,0.0668,0.0863,20,75,1609.34,1192,ACSRTW,0.0668,4.15E-05,5.36E-05,1,0.023333333,0.049729096,2.119886209,0.135723563,5.57E-10
Thames/TW,1334.6,<undefined>,NaN,NaN,0.472,1.29,1262,451,1713,NaN,NaN,46300,0.0677,0.0868,20,75,1609.34,1195,ACSRTW,0.0677,4.21E-05,5.39E-05,1,0.023333333,0.050493917,2.120463843,0.135676888,6.16E-09
St.Croix/TW,1467.8,<undefined>,NaN,NaN,0.3123,1.292,1383,202,1585,NaN,NaN,35800,0.062,0.0806,20,75,1609.34,1241,ACSRTW,0.062,3.85E-05,5.01E-05,1,0.023333333,0.050166265,2.11744359,0.135942087,2.19E-09
Miramichi/TW,1455.3,<undefined>,NaN,NaN,0.36,1.302,1372,268,1640,NaN,NaN,39200,0.0624,0.0809,20,75,1609.34,1241,ACSRTW,0.0624,3.88E-05,5.03E-05,1,0.023333333,0.048819183,2.117703228,0.135848058,3.86E-09
Merrimack/TW,1433.6,<undefined>,NaN,NaN,0.489,1.34,1356,484,1840,NaN,NaN,49700,0.0631,0.0811,20,75,1609.34,1250,ACSRTW,0.0631,3.92E-05,5.04E-05,1,0.023333333,0.049657436,2.11880864,0.135977627,4.81E-09
Platte/TW,1569,<undefined>,NaN,NaN,0.3222,1.334,1478,215,1693,NaN,NaN,38200,0.058,0.0758,20,75,1609.34,1291,ACSRTW,0.058,3.60E-05,4.71E-05,1,0.023333333,0.050511211,2.115063227,0.13595063,6.84E-09
Potomac/TW,1557.4,<undefined>,NaN,NaN,0.3723,1.345,1468,287,1755,NaN,NaN,41900,0.0583,0.0759,20,75,1609.34,1292,ACSRTW,0.0583,3.62E-05,4.72E-05,1,0.023333333,0.050360656,2.115667322,0.136262507,1.40E-09
RioGrande/TW,1533.3,<undefined>,NaN,NaN,0.506,1.382,1449,519,1968,NaN,NaN,53200,0.059,0.076,20,75,1609.34,1301,ACSRTW,0.059,3.67E-05,4.72E-05,1,0.023333333,0.050086086,2.117059703,0.136105293,1.78E-10
Schuylkill/TW,1657.4,<undefined>,NaN,NaN,0.384,1.386,1563,305,1868,NaN,NaN,44000,0.0548,0.0717,20,75,1609.34,1341,ACSRTW,0.0548,3.41E-05,4.46E-05,1,0.023333333,0.0507501,2.113477516,0.136192094,1.37E-09
Pecos/TW,1622,<undefined>,NaN,NaN,0.532,1.424,1533,574,2107,NaN,NaN,57500,0.0557,0.072,20,75,1609.34,1347,ACSRTW,0.0557,3.46E-05,4.47E-05,1,0.023333333,0.050496578,2.115164658,0.136282364,6.78E-09
PeeDee/TW,1758.6,<undefined>,NaN,NaN,0.3957,1.427,1658,324,1982,NaN,NaN,46700,0.0517,0.0679,20,75,1609.34,1389,ACSRTW,0.0517,3.21E-05,4.22E-05,1,0.023333333,0.049966338,2.111576965,0.136349599,7.55E-09
James/TW,1730.6,<undefined>,NaN,NaN,0.5375,1.47,1636,585,2221,NaN,NaN,59400,0.0522,0.0679,20,75,1609.34,1400,ACSRTW,0.0522,3.24E-05,4.22E-05,1,0.023333333,0.050788131,2.11275454,0.136467251,5.50E-09
Athabaska/TW,1949.6,<undefined>,NaN,NaN,0.4176,1.504,1838,361,2199,NaN,NaN,51900,0.0466,0.0608,20,75,1609.34,1488,ACSRTW,0.0466,2.90E-05,3.78E-05,1,0.023333333,0.050101932,2.111221605,0.136671144,2.82E-09
Cumberland/TW,1926.9,<undefined>,NaN,NaN,0.5665,1.545,1821,650,2471,NaN,NaN,65300,0.0469,0.0614,20,75,1609.34,1491,ACSRTW,0.0469,2.91E-05,3.82E-05,1,0.023333333,0.050405694,2.109402385,0.136633029,1.86E-09
Powder/TW,2153.8,<undefined>,NaN,NaN,0.4805,1.602,2030,468,2498,NaN,NaN,61100,0.0424,0.0554,20,75,1609.34,1583,ACSRTW,0.0424,2.63E-05,3.44E-05,1,0.023333333,0.050624574,2.108416698,0.136979008,3.03E-09
Santee/TW,2627.3,<undefined>,NaN,NaN,0.531,1.762,2477,571,3048,NaN,NaN,74500,0.0348,0.0468,20,75,1609.34,1768,ACSRTW,0.0348,2.16E-05,2.91E-05,1,0.023333333,0.050127242,2.0984608,0.137583061,4.11E-09
