Code Word,Size,Stranding,Ind. Diam - Al,Ind. Diam - St,Diam - Stl Core,Diam - Complete Cable,Weight per 1000 ft - Al,Weight per 1000 ft - Stl,Weight per 1000 ft - Total,% Al,% Stl,Rated Strength,Resistance DC @Low degc,Resistance AC @High degc,Low Temp,High Temp,Meters per Resistance Interval,Allowable Ampacity,Type
Turkey,6,1-Jun,0.0661,0.0661,0.0661,0.198,24,12,36,67.88,32.12,1190,0.641,0.806,20,75,304.8,105,ACSR
Swan,4,1-Jun,0.0834,0.0834,0.0834,0.25,39,18,57,67.87,32.12,1860,0.403,0.515,20,75,304.8,140,ACSR
Swanate,4,1-Jul,0.0772,0.103,0.103,0.257,39,28,67,58.1,41.9,2360,0.399,0.519,20,75,304.8,140,ACSR
Sparrow,2,1-Jun,0.1052,0.1052,0.1052,0.316,62,29,91,67.9,32.1,2850,0.254,0.332,20,75,304.8,184,ACSR
Sparate,2,1-Jul,0.0974,0.1298,0.1298,0.325,62,45,107,58.12,41.88,3460,0.251,0.338,20,75,304.8,184,ACSR
Robin,1,1-Jun,0.1181,0.1181,0.1181,0.354,78,37,115,67.88,32.12,3550,0.201,0.268,20,75,304.8,212,ACSR
Raven,Jan-00,1-Jun,0.1327,0.1327,0.1327,0.398,99,47,145,67.89,32.11,4380,0.159,0.217,20,75,304.8,242,ACSR
Quail,Feb-00,1-Jun,0.1489,0.1489,0.1489,0.447,124,59,183,67.88,32.12,5310,0.126,0.176,20,75,304.8,276,ACSR
Pigeon,Mar-00,1-Jun,0.1672,0.1672,0.1672,0.502,156,74,230,67.87,32.13,6620,0.1,0.144,20,75,304.8,315,ACSR
Penguin,Apr-00,1-Jun,0.1878,0.1878,0.1878,0.563,197,93,291,67.88,32.12,8350,0.0795,0.119,20,75,304.8,357,ACSR
Waxwing,266.8,18/1,0.1217,0.1217,0.1217,0.609,250,39,289,86.43,13.57,6880,0.0643,0.0787,20,75,304.8,449,ACSR
Partridge,266.8,26/7,0.1013,0.0788,0.2363,0.642,251,115,367,68.51,31.49,11300,0.0637,0.0779,20,75,304.8,475,ACSR
Ostrich,300,26/7,0.1074,0.0835,0.2506,0.68,283,130,412,68.51,31.49,12700,0.0567,0.0693,20,75,304.8,492,ACSR
Merlin,336.4,18/1,0.1367,0.1367,0.1367,0.684,315,49,365,86.43,13.57,8680,0.051,0.0625,20,75,304.8,519,ACSR
Linnet,336.4,26/7,0.1137,0.0885,0.2654,0.72,317,146,462,68.51,31.49,14100,0.0505,0.0618,20,75,304.8,529,ACSR
Oriole,336.4,30/7,0.1059,0.1059,0.3177,0.741,318,209,526,60.35,39.65,17300,0.0502,0.0613,20,75,304.8,535,ACSR
Chickadee,397.5,18/1,0.1486,0.1486,0.1486,0.743,373,58,431,86.43,13.57,9940,0.0432,0.0529,20,75,304.8,576,ACSR
Brant,397.5,24/7,0.1287,0.0858,0.2574,0.772,374,137,511,73.21,26.79,14600,0.043,0.0526,20,75,304.8,584,ACSR
Ibis,397.5,26/7,0.1236,0.0962,0.2885,0.783,374,172,546,68.51,31.49,16300,0.0428,0.0523,20,75,304.8,587,ACSR
Lark,397.5,30/7,0.1151,0.1151,0.3453,0.806,375,247,622,60.35,39.65,20300,0.0425,0.0519,20,75,304.8,594,ACSR
Pelican,477,18/1,0.1628,0.1628,0.1628,0.814,447,70,517,86.44,13.56,11800,0.036,0.0442,20,75,304.8,646,ACSR
Flicker,477,24/7,0.141,0.094,0.2819,0.846,449,164,614,73.21,26.79,17200,0.0358,0.0439,20,75,304.8,655,ACSR
Hawk,477,26/7,0.1354,0.1053,0.316,0.858,449,207,656,68.51,31.49,19500,0.0356,0.0436,20,75,304.8,659,ACSR
Hen,477,30/7,0.1261,0.1261,0.3783,0.883,450,296,746,60.35,39.65,23800,0.0354,0.0433,20,75,304.8,666,ACSR
Osprey,556.5,18/1,0.1758,0.1758,0.1758,0.879,522,82,603,86.43,13.57,13700,0.0308,0.0379,20,75,304.8,711,ACSR
Parakeet,556.5,24/7,0.1523,0.1015,0.3045,0.914,524,192,716,73.21,26.79,19800,0.0307,0.0376,20,75,304.8,721,ACSR
Dove,556.5,26/7,0.1463,0.1138,0.3413,0.927,524,241,765,68.51,31.49,22600,0.0306,0.0375,20,75,304.8,726,ACSR
Eagle,556.5,30/7,0.1362,0.1362,0.4086,0.953,525,345,871,60.35,39.65,27800,0.0303,0.0372,20,75,304.8,734,ACSR
Peacock,605,24/7,0.1588,0.1059,0.3177,0.953,570,209,779,73.2,26.8,21600,0.0282,0.0346,20,75,304.8,760,ACSR
Squab,605,26/7,0.1525,0.1186,0.3559,0.966,570,262,832,68.51,31.49,24300,0.0281,0.0345,20,75,304.8,765,ACSR
Wood_Duck,605,30/7,0.142,0.142,0.426,0.994,571,375,946,60.35,39.65,28900,0.0279,0.0342,20,75,304.8,774,ACSR
Teal,605,30/19,0.142,0.0852,0.426,0.994,571,367,939,60.86,39.14,30000,0.0279,0.0342,20,75,304.8,773,ACSR
Kingbird,636,18/1,0.188,0.188,0.188,0.94,596,94,690,86.43,13.57,15700,0.027,0.0332,20,75,304.8,773,ACSR
Swift,636,36/1,0.1329,0.1329,0.1329,0.93,596,47,643,92.72,7.28,13690,0.0271,0.0334,20,75,304.8,769,ACSR
Rook,636,24/7,0.1628,0.1085,0.3256,0.977,599,219,818,73.22,26.78,22600,0.0268,0.033,20,75,304.8,784,ACSR
Grosbeak,636,26/7,0.1564,0.1216,0.3649,0.991,599,275,874,68.51,31.49,25200,0.0267,0.0328,20,75,304.8,789,ACSR
Scoter,636,30/7,0.1456,0.1456,0.4368,1.019,600,395,995,60.35,39.65,30400,0.0256,0.0325,20,75,304.8,798,ACSR
Egret,636,30/19,0.1456,0.0874,0.4368,1.019,600,386,987,60.85,39.15,31500,0.0266,0.0326,20,75,304.8,798,ACSR
Flamingo,666.6,24/7,0.1667,0.1111,0.3333,1,628,230,858,73.21,26.79,23700,0.0256,0.0315,20,75,304.8,807,ACSR
Gannet,666.6,26/7,0.1601,0.1245,0.3736,1.014,628,289,916,68.51,31.49,26400,0.0255,0.0313,20,75,304.8,812,ACSR
Stilt,715.5,24/7,0.1727,0.1151,0.3453,1.036,674,247,920,73.21,26.79,25500,0.0239,0.0294,20,75,304.8,844,ACSR
Starling,715.5,26/7,0.1659,0.129,0.3871,1.051,674,310,984,68.51,31.49,28400,0.0238,0.0292,20,75,304.8,849,ACSR
Redwing,715.5,30/19,0.1544,0.0927,0.4633,1.081,676,435,1110,60.85,39.15,34600,0.0236,0.029,20,75,304.8,859,ACSR
Coot,795,36/1,0.1486,0.1486,0.1486,1.04,745,58,804,92.72,7.28,16710,0.0217,0.0268,20,75,304.8,884,ACSR
Drake,795,26/7,0.1749,0.136,0.408,1.107,749,344,1093,68.51,31.49,31500,0.0214,0.0263,20,75,304.8,907,ACSR
Tern,795,45/7,0.1329,0.0886,0.2658,1.063,749,146,895,83.67,16.33,22100,0.0216,0.0269,20,75,304.8,887,ACSR
Condor,795,54/7,0.1213,0.1213,0.364,1.092,749,274,1023,73.21,26.79,28200,0.0215,0.0272,20,75,304.8,889,ACSR
Mallard,795,30/19,0.1628,0.0977,0.4884,1.14,751,483,1234,60.86,39.14,38400,0.0213,0.0261,20,75,304.8,918,ACSR
Ruddy,900,45/7,0.1414,0.0943,0.2828,1.131,848,165,1013,83.67,16.33,24400,0.0191,0.0239,20,75,304.8,958,ACSR
Canary,900,54/7,0.1291,0.1291,0.3873,1.162,848,310,1158,73.22,26.78,31900,0.019,0.0241,20,75,304.8,961,ACSR
Rail,954,45/7,0.1456,0.0971,0.2912,1.165,899,175,1074,83.67,16.33,25900,0.018,0.0225,20,75,304.8,993,ACSR
Cardinal,954,54/7,0.1329,0.1329,0.3987,1.196,899,329,1227,73.21,26.79,33800,0.0179,0.0228,20,75,304.8,996,ACSR
Ortolan,1033.5,45/7,0.1515,0.101,0.3031,1.212,973,190,1163,83.67,16.33,27700,0.0167,0.0209,20,75,304.8,1043,ACSR
Curlew,1033.5,54/7,0.1383,0.1383,0.415,1.245,973,356,1330,73.21,26.79,36600,0.0165,0.0211,20,75,304.8,1047,ACSR
Bluejay,1113,45/7,0.1573,0.1048,0.3145,1.258,1048,205,1253,83.67,16.33,29800,0.0155,0.0194,20,75,304.8,1092,ACSR
Finch,1113,54/19,0.1436,0.0861,0.4307,1.292,1053,375,1429,73.72,26.28,39100,0.0154,0.0197,20,75,304.8,1093,ACSR
Bunting,1192.5,45/7,0.1628,0.1085,0.3256,1.302,1123,219,1343,83.67,16.33,32000,0.0144,0.0182,20,75,304.8,1139,ACSR
Grackle,1192.5,54/19,0.1486,0.0892,0.4458,1.337,1129,402,1531,73.72,26.28,41900,0.0144,0.0184,20,75,304.8,1140,ACSR
Bittern,1272,45/7,0.1681,0.1121,0.3362,1.345,1198,234,1432,83.67,16.33,34100,0.0135,0.0171,20,75,304.8,1184,ACSR
Pheasant,1272,54/19,0.1535,0.0921,0.4605,1.381,1204,429,1633,73.71,26.29,43600,0.0135,0.0173,20,75,304.8,1187,ACSR
Dipper,1351.5,45/7,0.1733,0.1155,0.3466,1.386,1273,248,1521,83.67,16.33,36200,0.0127,0.0162,20,75,304.8,1229,ACSR
Martin,1351.5,54/19,0.1582,0.0949,0.4746,1.424,1279,456,1735,73.72,26.28,46300,0.0127,0.0163,20,75,304.8,1232,ACSR
Bobolink,1431,45/7,0.1783,0.1189,0.3566,1.427,1348,263,1611,83.67,16.33,38300,0.012,0.0153,20,75,304.8,1272,ACSR
Lapwing,1590,45/7,0.188,0.1253,0.3759,1.504,1498,292,1790,83.67,16.33,42200,0.0108,0.0139,20,75,304.8,1354,ACSR
Falcon,1590,54/19,0.1716,0.103,0.5148,1.544,1505,536,2041,73.72,26.28,54500,0.0108,0.014,20,75,304.8,1359,ACSR
Chukar,1780,84/19,0.1456,0.0874,0.4368,1.602,1685,386,2072,81.35,18.65,51000,0.0097,0.0125,20,75,304.8,1453,ACSR
Bluebird,2156,84/19,0.1602,0.0962,0.4808,1.762,2040,468,2508,81.34,18.66,60300,0.00801,0.0105,20,75,304.8,1623,ACSR
Kiwi,2167,72/7,0.1735,0.1157,0.347,1.735,2051,249,2300,89.17,10.82,49800,0.00801,0.0106,20,75,304.8,1607,ACSR
Partridge/ACSS,266.8,26/7,0.1013,0.0788,0.2363,0.642,251.3,115.5,366.8,8880,9730,11400,0.0619,0.0761,20,75,304.8,812,ACSS
Junco/ACSS,266.8,30/7,0.0943,0.0943,0.2829,0.66,251.9,165.5,417.4,11700,13000,15200,0.0615,0.0756,20,75,304.8,822,ACSS
Ostrich/ACSS,300,26/7,0.1074,0.0835,0.2506,0.68,282.6,129.9,412.5,10000,10900,12800,0.0551,0.0677,20,75,304.8,877,ACSS
Linnet/ACSS,336.4,26/7,0.1137,0.0885,0.2654,0.72,316.8,145.7,462.5,11200,12300,14400,0.0491,0.0604,20,75,304.8,945,ACSS
Oriole/ACSS,336.4,30/7,0.1059,0.1059,0.3177,0.741,317.6,208.7,526.3,14800,16300,19100,0.0488,0.06,20,75,304.8,957,ACSS
Brant/ACSS,397.5,24/7,0.1287,0.0858,0.2574,0.772,374.4,137,511.4,11000,12100,14100,0.0417,0.0514,20,75,304.8,1047,ACSS
Ibis/ACSS,397.5,26/7,0.1236,0.0962,0.2885,0.783,374.4,172.1,546.5,13000,14200,16500,0.0416,0.0512,20,75,304.8,1054,ACSS
Lark/ACSS,397.5,30/7,0.1151,0.1151,0.3453,0.806,375.3,246.5,621.8,17500,19300,22600,0.0413,0.0508,20,75,304.8,1068,ACSS
Flicker/ACSS,477,24/7,0.141,0.094,0.2819,0.846,449.3,164.4,613.7,13000,14200,16400,0.0348,0.0429,20,75,304.8,1180,ACSS
Hawk/ACSS,477,26/7,0.1354,0.1053,0.316,0.858,449.3,206.5,655.8,15600,17100,19800,0.0346,0.0427,20,75,304.8,1188,ACSS
Hen/ACSS,477,30/7,0.1261,0.1261,0.3783,0.883,450.4,295.9,746.3,21000,22700,26700,0.0344,0.0424,20,75,304.8,1204,ACSS
Parakeet/ACSS,556.5,24/7,0.1523,0.1015,0.3045,0.914,524,192,716,15200,16600,19100,0.0298,0.0368,20,75,304.8,1306,ACSS
Dove/ACSS,556.5,26/7,0.1463,0.1138,0.3413,0.927,524.2,240.9,765.1,18200,19900,23200,0.0297,0.0366,20,75,304.8,1315,ACSS
Eagle/ACSS,556.5,30/7,0.1362,0.1362,0.4086,0.953,525.4,345.2,870.6,24500,26500,31100,0.0295,0.0363,20,75,304.8,1331,ACSS
Peacock/ACSS,605,24/7,0.1588,0.1058,0.3175,0.953,569.8,208.5,778.3,16500,18100,20800,0.0274,0.0339,20,75,304.8,1379,ACSS
Squab/ACSS,605,26/7,0.1525,0.1186,0.3559,0.966,569.8,261.9,831.7,19700,21300,25200,0.0273,0.0337,20,75,304.8,1389,ACSS
Wood Duck/ACSS,605,30/7,0.142,0.142,0.426,0.994,571.2,375.3,946.5,26000,28300,33300,0.0271,0.0334,20,75,304.8,1407,ACSS
Teal/ACSS,605,30/19,0.142,0.0852,0.426,0.994,571.2,367.4,938.6,26600,29300,34800,0.0272,0.0335,20,75,304.8,1406,ACSS
Rook/ACSS,636,24/7,0.1628,0.1085,0.3256,0.977,599,219.2,818.2,17300,19000,21900,0.0261,0.0322,20,75,304.8,1425,ACSS
Grosbeak/ACSS,636,26/7,0.1564,0.1216,0.3649,0.991,599,275.4,874.4,20700,22400,26000,0.026,0.0321,20,75,304.8,1435,ACSS
Scoter/ACSS,636,30/7,0.1456,0.1456,0.4368,1.019,600.5,394.5,995,27400,29700,35000,0.0258,0.0318,20,75,304.8,1454,ACSS
Egret/ACSS,636,30/19,0.1456,0.0874,0.4368,1.019,600.5,386.3,986.8,28000,30900,36600,0.0258,0.0319,20,75,304.8,1453,ACSS
Flamingo/ACSS,666.6,24/7,0.1667,0.1111,0.3333,1,627.9,229.7,857.6,18200,19900,22900,0.0249,0.0308,20,75,304.8,1470,ACSS
Gannet/ACSS,666.6,26/7,0.1601,0.1245,0.3736,1.014,627.8,288.6,916.4,21700,23400,27300,0.0248,0.0306,20,75,304.8,1480,ACSS
Stilt/ACSS,715.5,24/7,0.1727,0.1151,0.3453,1.036,673.9,246.5,920.4,19500,21300,24600,0.0232,0.0287,20,75,304.8,1540,ACSS
Starling/ACSS,715.5,26/7,0.1659,0.129,0.3871,1.051,673.9,309.8,983.7,23300,25200,29800,0.0231,0.0286,20,75,304.8,1550,ACSS
Redwing/ACSS,715.5,30/19,0.1544,0.0927,0.4633,1.081,675.6,434.6,1110.2,30800,34000,39800,0.023,0.0284,20,75,304.8,1570,ACSS
Cuckoo/ACSS,795,24/7,0.182,0.1213,0.364,1.092,748.8,274,1022.8,21700,23300,26900,0.0209,0.0259,20,75,304.8,1650,ACSS
Drake/ACSS,795,26/7,0.1749,0.136,0.408,1.107,748.8,344.2,1093,25900,28000,32600,0.0209,0.0257,20,75,304.8,1662,ACSS
Macaw/ACSS,795,42/7,0.1376,0.0764,0.2293,1.055,748.8,108.7,857.5,11800,12600,14300,0.0211,0.0262,20,75,304.8,1621,ACSS
Tern/ACSS,795,45/7,0.1329,0.0886,0.2658,1.063,748.8,146.1,894.9,14200,15200,17400,0.021,0.0263,20,75,304.8,1618,ACSS
Condor/ACSS,795,54/7,0.1213,0.1213,0.364,1.092,748.8,274,1022.8,21700,23300,26900,0.0209,0.0266,20,75,304.8,1618,ACSS
Mallard/ACSS,795,30/19,0.1628,0.0977,0.4884,1.139,750.6,482.8,1233.4,34300,37900,44300,0.0207,0.0255,20,75,304.8,1683,ACSS
Ruddy/ACSS,900,45/7,0.1414,0.0943,0.2828,1.131,847.7,165.4,1012.1,15800,17000,19200,0.0186,0.0233,20,75,304.8,1755,ACSS
Canary/ACSS,900,54/7,0.1291,0.1291,0.3873,1.162,847.7,310.1,1157.8,24600,26400,30500,0.0184,0.0236,20,75,304.8,1756,ACSS
Redbird/ACSS,954,24/7,0.1994,0.1329,0.3987,1.196,898.5,328.7,1227.2,26000,28000,32300,0.0174,0.0217,20,75,304.8,1859,ACSS
Rail/ACSS,954,45/7,0.1456,0.0971,0.2912,1.165,898.5,175.3,1073.8,16700,18000,20400,0.0175,0.022,20,75,304.8,1824,ACSS
Towhee/ACSS,954,48/7,0.141,0.1097,0.329,1.175,898.5,223.7,1122.2,19700,21300,24300,0.0175,0.0218,20,75,304.8,1842,ACSS
Cardinal/ACSS,954,54/7,0.1329,0.1329,0.3987,1.196,898.6,328.7,1227.2,26000,28000,32300,0.0174,0.0223,20,75,304.8,1825,ACSS
Canvasback/ACSS,954,30/19,0.1783,0.107,0.535,1.248,900.7,579.4,1480.1,41100,45400,53100,0.0172,0.0214,20,75,304.8,1897,ACSS
Snowbird/ACSS,1033.5,42/7,0.1569,0.0871,0.2614,1.203,973.4,141.3,1114.7,15400,16500,18500,0.0162,0.0204,20,75,304.8,1924,ACSS
Ortolan/ACSS,1033.5,45/7,0.1515,0.101,0.3031,1.212,973.4,190,1163.4,18100,19500,22000,0.0162,0.0204,20,75,304.8,1921,ACSS
Curlew/ACSS,1033.5,54/7,0.1383,0.1383,0.415,1.245,973.4,356.2,1329.6,28200,30300,35000,0.0161,0.0206,20,75,304.8,1924,ACSS
Bluejay/ACSS,1113,45/7,0.1573,0.1048,0.3145,1.258,1048.3,204.5,1252.8,19500,21100,23800,0.015,0.019,20,75,304.8,2017,ACSS
Finch/ACSS,1113,54/19,0.1436,0.0861,0.4307,1.292,1053.4,375.5,1428.9,30400,33200,38700,0.015,0.0193,20,75,304.8,2015,ACSS
Bunting/ACSS,1192.5,45/7,0.1628,0.1085,0.3256,1.302,1123.2,219.2,1342.4,21400,23500,25400,0.014,0.0178,20,75,304.8,2110,ACSS
Bittern/ACSS,1272,45/7,0.1681,0.1121,0.3363,1.345,1198,234,1432,22300,24000,27100,0.0131,0.0167,20,75,304.8,2201,ACSS
Pheasant/ACSS,1272,54/19,0.1535,0.0921,0.4604,1.381,1203.9,429.2,1633.1,34100,37300,43000,0.0131,0.0169,20,75,304.8,2200,ACSS
Dipper/ACSS,1351,45/7,0.1733,0.1155,0.3465,1.386,1272.5,248.3,1520.8,23700,25500,28800,0.0124,0.0158,20,75,304.8,2289,ACSS
Martin/ACSS,1351,54/19,0.1582,0.0949,0.4745,1.424,1278.7,455.8,1734.5,36200,39600,45600,0.0123,0.016,20,75,304.8,2288,ACSS
Bobolink/ACSS,1431,45/7,0.1783,0.1189,0.3566,1.427,1347.8,263,1610.8,25100,27000,30500,0.0117,0.015,20,75,304.8,2375,ACSS
Plover/ACSS,1431,54/19,0.1628,0.0977,0.4884,1.465,1354.4,482.8,1837.2,38400,41900,48300,0.0117,0.0151,20,75,304.8,2375,ACSS
Nuthatch/ACSS,1510,45/7,0.1832,0.1221,0.3664,1.465,1422.2,277.5,1699.7,26500,28100,31800,0.0111,0.0143,20,75,304.8,2459,ACSS
Parrot/ACSS,1510,54/19,0.1672,0.1003,0.5017,1.505,1429.2,509.5,1938.7,40400,44200,51000,0.011,0.0144,20,75,304.8,2460,ACSS
Ratite/ACSS,1590,42/7,0.1946,0.1081,0.3243,1.492,1497.6,217.4,1715,23400,25000,27900,0.0105,0.0136,20,75,304.8,2543,ACSS
Lapwing/ACSS,1590,45/7,0.188,0.1253,0.3759,1.504,1497.6,292.2,1789.8,27900,29600,33500,0.0105,0.0136,20,75,304.8,2543,ACSS
Falcon/ACSS,1590,54/19,0.1716,0.103,0.5148,1.544,1504.9,536.5,2041.4,42600,46600,53700,0.0105,0.0137,20,75,304.8,2545,ACSS
Chukar/ACSS,1780,84/19,0.1456,0.0873,0.4367,1.601,1684.7,386.1,2070.8,35400,38200,43900,0.0094,0.0122,20,75,304.8,2751,ACSS
Mockingbird/ACSS,2034.5,72/7,0.1681,0.1121,0.3362,1.681,1925.6,233.7,2159.3,27200,28900,32000,0.0083,0.011,20,75,304.8,2960,ACSS
Roadrunner/ACSS,2057,76/19,0.1645,0.0768,0.3839,1.7,1946.9,298.3,2245.2,31700,33900,38300,0.0082,0.0108,20,75,304.8,2992,ACSS
Bluebird/ACSS,2156,84/19,0.1602,0.0961,0.4806,1.762,2040.6,467.6,2508.2,42100,45500,51700,0.0078,0.0103,20,75,304.8,3106,ACSS
Kiwi/ACSS,2167,72/7,0.1735,0.1157,0.347,1.735,2051,248.9,2299.9,29000,30800,34100,0.0078,0.0104,20,75,304.8,3080,ACSS
Thrasher/ACSS,2312,76/19,0.1744,0.0814,0.407,1.802,2188.2,335.3,2523.5,35600,38100,43000,0.0073,0.0098,20,75,304.8,3218,ACSS
Joree/ACSS,2515,76/19,0.1819,0.0849,0.4245,1.88,2380.4,364.7,2745.1,38700,41400,46800,0.0067,0.0092,20,75,304.8,3390,ACSS
ACAR355,355,7-Dec,0.1367,0.1367,,0.683,,,332.1,,,8500,0.0514,0.0624,20,75,304.8,519,ACAR
ACAR465.9,465.9,7-Dec,0.1566,0.1566,,0.783,,,435.8,,,11000,0.0392,0.0477,20,75,304.8,616,ACAR
ACAR503.6,503.6,7-Dec,0.1628,0.1628,,0.814,,,471.1,,,11900,0.0362,0.0441,20,75,304.8,646,ACAR
ACAR653.1,653.1,7-Dec,0.1854,0.1854,,0.927,,,611,,,15400,0.0279,0.0342,20,75,304.8,760,ACAR
ACAR739.8,739.8,30/7,0.1414,0.1414,,0.99,,,692.7,,,15300,0.024,0.0296,20,75,304.8,831,ACAR
ACAR739.8,739.8,18/19,0.1414,0.1414,,0.99,,,691.6,,,18800,0.0252,0.0308,20,75,304.8,814,ACAR
ACAR853.7,853.7,30/7,0.1519,0.1519,,1.063,,,799.3,,,17500,0.0208,0.0257,20,75,304.8,907,ACAR
ACAR853.7,853.7,18/19,0.1519,0.1519,,1.063,,,798,,,21500,0.0218,0.0268,20,75,304.8,890,ACAR
ACAR927.2,927.2,30/7,0.1583,0.1583,,1.108,,,868.2,,,19000,0.0192,0.0238,20,75,304.8,955,ACAR
ACAR927.2,927.2,18/19,0.1583,0.1583,,1.108,,,866.7,,,23400,0.0201,0.0247,20,75,304.8,936,ACAR
ACAR1024.5,1024.5,30/7,0.1664,0.1664,,1.165,,,959.3,,,20900,0.0173,0.0216,20,75,304.8,1015,ACAR
ACAR1024.5,1024.5,18/19,0.1664,0.1664,,1.165,,,957.7,,,25800,0.0182,0.0225,20,75,304.8,995,ACAR
ACAR1081,1081,30/7,0.1709,0.1709,,1.196,,,1012.1,,,22100,0.0164,0.0205,20,75,304.8,1048,ACAR
ACAR1081,1081,18/19,0.1709,0.1709,,1.196,,,1010.5,,,27200,0.0172,0.0213,20,75,304.8,1028,ACAR
ACAR1109,1109,30/7,0.1731,0.1731,,1.212,,,1038.4,,,22700,0.016,0.02,20,75,304.8,1065,ACAR
ACAR1109,1109,18/19,0.1731,0.1731,,1.212,,,1036.6,,,27900,0.0168,0.0208,20,75,304.8,1044,ACAR
ACAR1172,1172,30/7,0.178,0.178,,1.246,,,1097.3,,,24000,0.0152,0.019,20,75,304.8,1101,ACAR
ACAR1172,1172,18/19,0.178,0.178,,1.246,,,1095.5,,,29500,0.0159,0.0198,20,75,304.8,1080,ACAR
ACAR1197,1197,30/7,0.1799,0.1799,,1.259,,,1120.8,,,24500,0.0148,0.0187,20,75,304.8,1115,ACAR
ACAR1197,1197,18/19,0.1799,0.1799,,1.259,,,1118.9,,,30200,0.0156,0.0194,20,75,304.8,1094,ACAR
ACAR1280,1280,30/7,0.186,0.186,,1.302,,,1198.5,,,26200,0.0139,0.0175,20,75,304.8,1160,ACAR
ACAR1280,1280,18/19,0.186,0.186,,1.302,,,1196.5,,,32200,0.0146,0.0182,20,75,304.8,1139,ACAR
ACAR1361,1361,42/19,0.1494,0.1494,,1.344,,,1273.6,,,30300,0.0133,0.0168,20,75,304.8,1196,ACAR
ACAR1527,1527,42/19,0.1582,0.1582,,1.424,,,1428.8,,,33600,0.0118,0.0151,20,75,304.8,1314,ACAR
ACAR1703,1703,42/19,0.1671,0.1671,,1.504,,,1593.5,,,37500,0.0106,0.0137,20,75,304.8,1363,ACAR
ACAR1933,1933,42/19,0.178,0.178,,1.602,,,1808.8,,,42500,0.00936,0.0123,20,75,304.8,1465,ACAR
ACAR2267,2267,42/19,0.1928,0.1928,,1.735,,,2142,,,49900,0.00806,0.0108,20,75,304.8,1594,ACAR
ACAR2493,2493,72/19,0.1655,0.1655,,1.821,,,2356.9,,,50400,0.00722,0.0099,20,75,304.8,1687,ACAR
ACAR2493,2493,54/37,0.1655,0.1655,,1.821,,,2354.5,,,57600,0.00743,0.0101,20,75,304.8,1670,ACAR
Akron,30.58,7,0.0661,,,0.198,,,28.5,,,1110,0.659,0.785,20,75,304.8,107,AAAC
Alton,48.69,7,0.0834,,,0.25,,,45.4,,,1760,0.414,0.493,20,75,304.8,143,AAAC
Ames,77.47,7,0.1052,,,0.316,,,72.2,,,2800,0.26,0.31,20,75,304.8,191,AAAC
Azusa,123.3,7,0.1327,,,0.398,,,115,,,4280,0.163,0.195,20,75,304.8,256,AAAC
Anaheim,155.4,7,0.149,,,0.447,,,144.9,,,5390,0.13,0.154,20,75,304.8,296,AAAC
Amherst,195.7,7,0.1672,,,0.502,,,182.5,,,6790,0.103,0.123,20,75,304.8,342,AAAC
Alliance,246.9,7,0.1878,,,0.563,,,230.2,,,8560,0.0816,0.0973,20,75,304.8,395,AAAC
Butte,312.8,19,0.1283,,,0.642,,,291.7,,,10500,0.0644,0.0769,20,75,304.8,460,AAAC
Canton,394.5,19,0.1441,,,0.721,,,367.9,,,13300,0.0511,0.061,20,75,304.8,532,AAAC
Cairo,465.4,19,0.1565,,,0.783,,,434,,,15600,0.0433,0.0518,20,75,304.8,590,AAAC
Darien,559.5,19,0.1716,,,0.858,,,521.7,,,18800,0.036,0.0431,20,75,304.8,663,AAAC
Elgin,652.4,19,0.1853,,,0.927,,,608.4,,,21900,0.0309,0.0371,20,75,304.8,729,AAAC
Flint,740.8,37,0.1415,,,0.991,,,690.8,,,24400,0.0272,0.0327,20,75,304.8,790,AAAC
Greeley,927.2,37,0.1583,,,1.108,,,864.6,,,30500,0.0217,0.0263,20,75,304.8,908,AAAC
Peachbell,6,7,0.0612,,,0.184,,,25,,,563,0.658,0.805,20,75,304.8,103,AAC
Rose,4,7,0.0772,,,0.232,,,39,,,881,0.414,0.506,20,75,304.8,138,AAC
Iris,2,7,0.0974,,,0.292,,,62,,,1350,0.26,0.318,20,75,304.8,185,AAC
Pansy,1,7,0.1093,,,0.328,,,78,,,1640,0.207,0.252,20,75,304.8,214,AAC
Poppy,Jan-00,7,0.1228,,,0.368,,,99,,,1990,0.164,0.2,20,75,304.8,247,AAC
Aster,Feb-00,7,0.1379,,,0.414,,,125,,,2510,0.13,0.159,20,75,304.8,286,AAC
Phlox,Mar-00,7,0.1548,,,0.464,,,157,,,3040,0.103,0.126,20,75,304.8,331,AAC
Oxlip,Apr-00,7,0.1739,,,0.522,,,198,,,3830,0.0817,0.0999,20,75,304.8,383,AAC
Sneezewort,250,7,0.189,,,0.567,,,234,,,4520,0.0691,0.0846,20,75,304.8,425,AAC
Valerian,250,19,0.1147,,,0.574,,,234,,,4660,0.0691,0.0846,20,75,304.8,426,AAC
Daisy,266.8,7,0.1952,,,0.586,,,250,,,4830,0.0648,0.0793,20,75,304.8,443,AAC
Laurel,266.8,19,0.1185,,,0.592,,,250,,,4970,0.0648,0.0793,20,75,304.8,444,AAC
Peony,300,19,0.1257,,,0.628,,,281,,,5480,0.0576,0.0706,20,75,304.8,478,AAC
Tulip,336.4,19,0.1331,,,0.665,,,315,,,6150,0.0514,0.063,20,75,304.8,513,AAC
Daffodil,350,19,0.1357,,,0.679,,,328,,,6390,0.0494,0.0605,20,75,304.8,526,AAC
Canna,397.5,19,0.1446,,,0.723,,,373,,,7110,0.0435,0.0534,20,75,304.8,570,AAC
Goldentuft,450,19,0.1539,,,0.769,,,422,,,7890,0.0384,0.0472,20,75,304.8,616,AAC
Cosmos,477,19,0.1584,,,0.792,,,447,,,8360,0.0362,0.0445,20,75,304.8,639,AAC
Syringa,477,37,0.1135,,,0.795,,,447,,,8690,0.0362,0.0445,20,75,304.8,639,AAC
Zinnia,500,19,0.1622,,,0.811,,,469,,,8760,0.0346,0.0425,20,75,304.8,658,AAC
Hyacinth,500,37,0.1162,,,0.814,,,469,,,9110,0.0346,0.0425,20,75,304.8,658,AAC
Dahlia,556.5,19,0.1711,,,0.856,,,522,,,9750,0.0311,0.0382,20,75,304.8,703,AAC
Mistletoe,556.5,37,0.1226,,,0.858,,,522,,,9940,0.0311,0.0382,20,75,304.8,704,AAC
Meadowsweet,600,37,0.1273,,,0.891,,,562,,,10700,0.0228,0.0355,20,75,304.8,738,AAC
Orchid,636,37,0.1311,,,0.918,,,596,,,11400,0.0272,0.0335,20,75,304.8,765,AAC
Heuchera,650,37,0.1325,,,0.928,,,609,,,11600,0.0266,0.0328,20,75,304.8,775,AAC
Verbena,700,37,0.1375,,,0.963,,,656,,,12500,0.0247,0.0305,20,75,304.8,812,AAC
Flag,700,61,0.1071,,,0.964,,,656,,,12900,0.0247,0.0305,20,75,304.8,812,AAC
Violet,715.5,37,0.1391,,,0.973,,,671,,,12800,0.0242,0.0299,20,75,304.8,823,AAC
Nasturtium,715.5,61,0.1083,,,0.975,,,671,,,13100,0.0242,0.0299,20,75,304.8,823,AAC
Petunia,750,37,0.1424,,,0.997,,,703,,,13100,0.023,0.0286,20,75,304.8,847,AAC
Cattail,750,61,0.1109,,,0.998,,,703,,,13500,0.023,0.0286,20,75,304.8,847,AAC
Arbutus,795,37,0.1466,,,1.026,,,745,,,13900,0.0217,0.027,20,75,304.8,878,AAC
Lilac,795,61,0.1142,,,1.027,,,745,,,14300,0.0217,0.027,20,75,304.8,879,AAC
Cockscomb,900,37,0.156,,,1.092,,,844,,,15400,0.0192,0.0239,20,75,304.8,948,AAC
Snapdragon,900,61,0.1215,,,1.093,,,844,,,15900,0.0192,0.0239,20,75,304.8,948,AAC
Magnolia,954,37,0.1606,,,1.124,,,894,,,16400,0.0181,0.0226,20,75,304.8,982,AAC
Goldenrod,954,61,0.1251,,,1.125,,,894,,,16900,0.0181,0.0226,20,75,304.8,983,AAC
Hawkweed,1000,37,0.1644,,,1.151,,,937,,,17200,0.0173,0.0216,20,75,304.8,1010,AAC
Camellia,1000,61,0.128,,,1.152,,,937,,,17700,0.0173,0.0216,20,75,304.8,1011,AAC
Bluebell,1033.5,37,0.1671,,,1.17,,,969,,,17700,0.0167,0.021,20,75,304.8,1031,AAC
Larkspur,1033.5,61,0.1302,,,1.171,,,969,,,18300,0.0167,0.021,20,75,304.8,1032,AAC
Marigold,1113,61,0.1351,,,1.216,,,1043,,,19700,0.0155,0.0195,20,75,304.8,1079,AAC
Hawthorn,1192.5,61,0.1398,,,1.258,,,1118,,,21100,0.0145,0.0183,20,75,304.8,1124,AAC
Narcissus,1272,61,0.1444,,,1.3,,,1192,,,22000,0.0136,0.0173,20,75,304.8,1169,AAC
Columbine,1351.5,61,0.1488,,,1.34,,,1267,,,23400,0.0128,0.0163,20,75,304.8,1212,AAC
Carnation,1431,61,0.1532,,,1.378,,,1341,,,24300,0.0121,0.0155,20,75,304.8,1253,AAC
Gladiolus,1510.5,61,0.1574,,,1.416,,,1416,,,25600,0.0144,0.0147,20,75,304.8,1294,AAC
Coreopsis,1590,61,0.1614,,,1.453,,,1490,,,27000,0.0109,0.0141,20,75,304.8,1333,AAC
Jessamine,1750,61,0.1694,,,1.524,,,1640,,,29700,0.00988,0.0129,20,75,304.8,1408,AAC
Cowslip,2000,91,0.1482,,,1.631,,,1875,,,34200,0.00864,0.0115,20,75,304.8,1518,AAC
Sagebrush,2250,91,0.1572,,,1.73,,,2130,,,37500,0.00776,0.0105,20,75,304.8,1612,AAC
Lupine,2500,91,0.1657,,,1.823,,,2366,,,41900,0.00698,0.00969,20,75,304.8,1706,AAC
Bitterroot,2750,91,0.1738,,,1.912,,,2603,,,46100,0.00635,0.009,20,75,304.8,1793,AAC
Trillium,3000,127,0.1537,,,1.998,,,2839,,,50300,0.00582,0.00834,20,75,304.8,1874,AAC
Bluebonnet,3500,127,0.166,,,2.158,,,3345,,,58700,0.00499,0.00756,20,75,304.8,2024,AAC
Partridge/ACSS/TW,266.8,,,,0.2364,0.595,250.5,115.6,366.1,,,8880,0.3262,0.4009,20,75,1609.34,795,ACSSTW
Linnet/ACSS/TW,336.4,,,,0.2655,0.667,316.1,145.8,461.9,,,11200,0.2588,0.3181,20,75,1609.34,921,ACSSTW
Oriole/ACSS/TW,336.4,,,,0.3177,0.692,318.2,209.2,527.4,,,14800,0.2565,0.3151,20,75,1609.34,940,ACSSTW
Flicker/ACSS/TW,477,,,,0.282,0.776,447.8,164.5,612.3,,,13000,0.1831,0.2255,20,75,1609.34,1151,ACSSTW
Hawk/ACSS/TW,477,,,,0.3162,0.79,448.7,206.4,655.1,,,15600,0.1825,0.2247,20,75,1609.34,1159,ACSSTW
Hen/ACSS/TW,477,,,,0.3783,0.82,451.1,296.6,747.8,,,21000,0.1809,0.2225,20,75,1609.34,1181,ACSSTW
Parakeet/ACSS/TW,556.5,,,,0.3045,0.835,522.4,191.8,714.2,,,15200,0.1569,0.1935,20,75,1609.34,1271,ACSSTW
Dove/ACSS/TW,556.5,,,,0.3414,0.85,523.4,241.1,764.5,,,18200,0.1564,0.1928,20,75,1609.34,1282,ACSSTW
Rook/ACSS/TW,636,,,,0.3255,0.893,597,219.2,816.2,,,17300,0.1373,0.1696,20,75,1609.34,1386,ACSSTW
Grosbeak/ACSS/TW,636,,,,0.3648,0.909,601.5,275.8,877.3,,,20700,0.1369,0.1689,20,75,1609.34,1398,ACSSTW
Scoter/ACSS/TW,636,,,,0.4368,0.942,600.5,394.7,995.2,,,27400,0.1356,0.1672,20,75,1609.34,1427,ACSSTW
Tern/ACSS/TW,795,,,,0.2658,0.96,745.2,146.1,891.3,,,14200,0.1105,0.1373,20,75,1609.34,1580,ACSSTW
Puffin/ACSS/TW,795,,,,0.3168,0.98,745.9,228.5,974.4,,,17700,0.1101,0.1365,20,75,1609.34,1595,ACSSTW
Condor/ACSS/TW,795,,,,0.3639,0.993,746.3,273.9,1020,,,21700,0.1098,0.1361,20,75,1609.34,1604,ACSSTW
Drake/ACSS/TW,795,,,,0.408,1.01,747,344.3,1091.3,,,25900,0.1095,0.1355,20,75,1609.34,1616,ACSSTW
Canary/ACSS/TW,900,,,,0.3873,1.055,844.8,310.9,1155.7,,,24600,0.097,0.1205,20,75,1609.34,1739,ACSSTW
Phoenix/ACSS/TW,954,,,,0.2511,1.044,897.7,130.4,1028,,,14200,0.0927,0.1187,20,75,1609.34,1740,ACSSTW
Rail/ACSS/TW,954,,,,0.2913,1.061,898.6,175.5,1074.1,,,16700,0.0926,0.1183,20,75,1609.34,1750,ACSSTW
Cardinal/ACSS/TW,954,,,,0.3987,1.08,895.5,328.8,1224.3,,,26000,0.0915,0.1138,20,75,1609.34,1806,ACSSTW
Snowbird/ACSS/TW,1033.5,,,,0.2613,1.089,972.5,141.2,1114,,,15400,0.0856,0.1098,20,75,1609.34,1834,ACSSTW
Ortolan/ACSS/TW,1033.5,,,,0.303,1.102,972.5,189.9,1162,,,18100,0.0854,0.1095,20,75,1609.34,1843,ACSSTW
Curlew/ACSS/TW,1033.5,,,,0.4149,1.132,970.1,356.1,1326.2,,,28200,0.0845,0.1053,20,75,1609.34,1903,ACSSTW
Avocet/ACSS/TW,1113,,,,0.2712,1.129,1047,152.1,1199,,,16300,0.0794,0.1022,20,75,1609.34,1925,ACSSTW
Bluejay/ACSS/TW,1113,,,,0.3147,1.143,1048,204.8,1253,,,19500,0.0793,0.1019,20,75,1609.34,1935,ACSSTW
Finch/ACSS/TW,1113,,,,0.431,1.185,1051,376.1,1427,,,30400,0.0789,0.101,20,75,1609.34,1965,ACSSTW
Oxbird/ACSS/TW,1192.5,,,,0.2808,1.17,1122.9,163.1,1286,,,17500,0.0741,0.0957,20,75,1609.34,2013,ACSSTW
Bunting/ACSS/TW,1192.5,,,,0.3255,1.181,1123.2,219.6,1342.8,,,20900,0.074,0.0954,20,75,1609.34,2023,ACSSTW
Grackle/ACSS/TW,1192.5,,,,0.446,1.225,1127.8,402.9,1530.7,,,32600,0.0737,0.0944,20,75,1609.34,2055,ACSSTW
Scissortail/ACSS/TW,1272,,,,0.2901,1.203,1197,174,1371,,,18700,0.0695,0.09,20,75,1609.34,2098,ACSSTW
Bittern/ACSS/TW,1272,,,,0.3363,1.224,1197.6,234.9,1432.5,,,22300,0.0694,0.0897,20,75,1609.34,2110,ACSSTW
Pheasant/ACSS/TW,1272,,,,0.4605,1.26,1201,429.5,1630.5,,,34100,0.0691,0.0887,20,75,1609.34,2143,ACSSTW
Dipper/ACSS/TW,1351.5,,,,0.3465,1.256,1273,248.3,1521,,,23700,0.0653,0.0847,20,75,1609.34,2194,ACSSTW
Martin/ACSS/TW,1351.5,,,,0.4745,1.3,1276.1,456,1732.1,,,36200,0.065,0.0837,20,75,1609.34,2228,ACSSTW
Bobolink/ACSS/TW,1431,,,,0.3567,1.291,1347,263.1,1611,,,25100,0.0617,0.0802,20,75,1609.34,2276,ACSSTW
Plover/ACSS/TW,1431,,,,0.4885,1.337,1351,483.2,1834,,,38400,0.0614,0.0793,20,75,1609.34,2313,ACSSTW
Lapwing/ACSS/TW,1590,,,,0.3759,1.358,1497.6,292.3,1789.9,,,27900,0.0555,0.0727,20,75,1609.34,2435,ACSSTW
Falcon/ACSS/TW,1590,,,,0.515,1.41,1502.8,537.2,2040,,,42600,0.0553,0.0717,20,75,1609.34,2477,ACSSTW
Chukar/ACSS/TW,1780,,,,0.437,1.445,1680.6,386.8,2067.4,,,35300,0.0495,0.0652,20,75,1609.34,2630,ACSSTW
Bluebird/ACSS/TW,2156,,,,0.4805,1.608,2045,467.5,2512,,,42100,0.0412,0.0543,20,75,1609.34,3014,ACSSTW
Mohawk/ACSS/TW,571.7,,,,0.309,0.85,537,197.5,734.5,,,15600,0.1527,0.1884,20,75,1609.34,1294,ACSSTW
Calumet/ACSS/TW,565.3,,,,0.3438,0.86,531.2,244.5,775.7,,,18400,0.154,0.1898,20,75,1609.34,1295,ACSSTW
Mystic/ACSS/TW,666.6,,,,0.3732,0.913,630.4,230.3,860.7,,,18200,0.131,0.1619,20,75,1609.34,1431,ACSSTW
Oswego/ACSS/TW,664.8,,,,0.3732,0.927,628.7,288.7,917.4,,,21700,0.1309,0.1616,20,75,1609.34,1439,ACSSTW
Maumee/ACSS/TW,768.2,,,,0.3585,0.977,721.1,265.9,987,,,21000,0.1137,0.1407,20,75,1609.34,1569,ACSSTW
Wabash/ACSS/TW,762.8,,,,0.3993,0.99,716.7,329.8,1046.5,,,24900,0.1141,0.1411,20,75,1609.34,1573,ACSSTW
Kettle/ACSS/TW,957.2,,,,0.2919,1.06,901.6,176.2,1078,,,16800,0.0922,0.118,20,75,1609.34,1753,ACSSTW
Fraser/ACSS/TW,946.7,,,,0.3462,1.077,892.6,247.9,1141,,,21100,0.093,0.1187,20,75,1609.34,1756,ACSSTW
Columbia/ACSS/TW,966.2,,,,0.4014,1.092,906.9,333.2,1240,,,26400,0.0904,0.1124,20,75,1609.34,1822,ACSSTW
Suwannee/ACSS/TW,959.6,,,,0.4479,1.11,901.6,415,1316.6,,,30700,0.0907,0.1127,20,75,1609.34,1828,ACSSTW
Cheyenne/ACSS/TW,1168.1,,,,0.2778,1.155,1099,159.6,1259,,,17200,0.0757,0.0979,20,75,1609.34,1986,ACSSTW
Genesee/ACSS/TW,1158,,,,0.3234,1.165,1092,216,1308,,,20500,0.0762,0.0981,20,75,1609.34,1985,ACSSTW
Hudson/ACSS/TW,1158.4,,,,0.4401,1.196,1087.3,400.7,1488,,,31100,0.0754,0.0943,20,75,1609.34,2051,ACSSTW
Catawba/ACSS/TW,1272,,,,0.2901,1.203,1197,174,1371,,,18700,0.0695,0.09,20,75,1609.34,2098,ACSSTW
Nelson/ACSS/TW,1257.1,,,,0.3345,1.213,1184,231.4,1415,,,22100,0.0702,0.0907,20,75,1609.34,2094,ACSSTW
Yukon/ACSS/TW,1233.6,,,,0.455,1.245,1166.7,419.3,1586,,,33200,0.0712,0.0914,20,75,1609.34,2101,ACSSTW
Truckee/ACSS/TW,1372.5,,,,0.3012,1.248,1292,187.6,1479,,,20200,0.0644,0.0838,20,75,1609.34,2203,ACSSTW
Mackenzie/ACSS/TW,1359.7,,,,0.3477,1.259,1281,250,1531,,,23900,0.0649,0.0842,20,75,1609.34,2202,ACSSTW
Thames/ACSS/TW,1334.6,,,,0.472,1.29,1260.1,451.2,1711.3,,,35800,0.0658,0.0847,20,75,1609.34,2209,ACSSTW
St.Croix/ACSS/TW,,,,,0.3123,1.292,1381,201.7,1583,,,21600,0.0602,0.0787,20,75,1609.34,2302,ACSSTW
Miramichi/ACSS/TW,1455.3,,,,0.36,1.302,1372,268,1640,,,25600,0.0607,0.079,20,75,1609.34,2338,ACSSTW
Merrimack/ACSS/TW,1433.6,,,,0.489,1.34,1355.8,484.3,1840.1,,,42000,0.0613,0.0791,20,75,1609.34,2354,ACSSTW
Platte/ACSS/TW,1569,,,,0.3222,1.334,1478,215,1693,,,24600,0.0564,0.074,20,75,1609.34,2439,ACSSTW
Potomac/ACSS/TW,1557.4,,,,0.3723,1.35,1466.9,288.1,1755,,,29000,0.0567,0.0741,20,75,1609.34,2441,ACSSTW
RioGrande/ACSS/TW,,,,,0.506,1.38,1449,519,1968,,,45000,0.0573,0.0742,20,75,1609.34,2456,ACSSTW
Schuylkill/ACSS/TW,1657.4,,,,0.384,1.386,1563,305,1868,,,30900,0.0533,0.07,20,75,1609.34,2539,ACSSTW
Pecos/ACSS/TW,1622,,,,0.532,1.42,1533.7,573.2,2106.9,,,49300,0.0541,0.0703,20,75,1609.34,2551,ACSSTW
PeeDee/ACSS/TW,,,,,0.3957,1.427,1656.4,323.9,1980.3,,,32800,0.0502,0.0663,20,75,1609.34,2637,ACSSTW
James/ACSS/TW,1730.6,,,,0.5375,1.47,1636,585,2221,,,50800,0.0508,0.0663,20,75,1609.34,2657,ACSSTW
Athabaska/ACSS/TW,1949.6,,,,0.4176,1.504,1836,360.7,2197,,,36500,0.0453,0.0595,20,75,1609.34,2808,ACSSTW
Cumberland/ACSS/TW,1926.9,,,,0.5665,1.55,1821,650,2471,,,56400,0.0456,0.06,20,75,1609.34,2802,ACSSTW
Powder/ACSS/TW,2153.8,,,,0.4805,1.602,2042.5,396.1,2438.6,,,45500,0.0412,0.0543,20,75,1609.34,3009,ACSSTW
Santee/ACSS/TW,2627.3,,,,0.531,1.761,2491.5,571.1,3062.6,,,55600,0.0338,0.0459,20,75,1609.34,3403,ACSSTW
Tulip/TW,336.4,,,,,0.612,,,315.2,,,6220,0.0514,0.063,25,75,304.8,502,AACTW
Canna/TW,397.5,,,,,0.661,,,372.4,,,7230,0.0435,0.0534,25,75,304.8,557,AACTW
Cosmos/TW,477,,,,,0.72,,,446.9,,,8530,0.0363,0.0445,25,75,304.8,623,AACTW
Zinnia/TW,500,,,,,0.736,,,468.4,,,8940,0.0346,0.0425,25,75,304.8,641,AACTW
Mistletoe/TW,556.5,,,,,0.775,,,521.3,,,9950,0.0311,0.0383,25,75,304.8,685,AACTW
Meadowsweet/TW,600,,,,,0.803,,,652.1,,,10700,0.0288,0.0355,25,75,304.8,718,AACTW
Orchid/TW,636,,,,,0.825,,,595.8,,,11400,0.0272,0.0335,25,75,304.8,744,AACTW
Verbena/TW,700,,,,,0.864,,,655.7,,,12500,0.0247,0.0305,25,75,304.8,789,AACTW
Nasturtium/TW,750,,,,,0.893,,,702.6,,,13400,0.023,0.0286,25,75,304.8,823,AACTW
Arbutus/TW,795,,,,,0.919,,,744.7,,,13900,0.0217,0.027,25,75,304.8,853,AACTW
Cockscomb/TW,900,,,,,0.99,,,846.6,,,15800,0.0192,0.0239,25,75,304.8,924,AACTW
Magnolia/TW,954,,,,,1.018,,,897.4,,,16700,0.0181,0.0226,25,75,304.8,957,AACTW
Hawkweed/TW,1000,,,,,1.041,,,940.6,,,17500,0.0173,0.0216,25,75,304.8,984,AACTW
Bluebell/TW,1033.5,,,,,1.057,,,972.2,,,18100,0.0167,0.021,25,75,304.8,1004,AACTW
Marigold/TW,1113,,,,,1.095,,,1047,,,19500,0.0155,0.0195,25,75,304.8,1049,AACTW
Hawthorn/TW,1192.5,,,,,1.132,,,1122,,,20900,0.0145,0.0183,25,75,304.8,1094,AACTW
Narcissus/TW,1272,,,,,1.168,,,1196,,,22300,0.0136,0.0173,25,75,304.8,1136,AACTW
Columbine/TW,1351.5,,,,,1.202,,,1271,,,23700,0.0128,0.0163,25,75,304.8,1177,AACTW
Carnation/TW,1431,,,,,1.236,,,1346,,,24600,0.0121,0.0155,25,75,304.8,1218,AACTW
Coreopsis/TW,1590,,,,,1.315,,,1503,,,27300,0.0109,0.0141,25,75,304.8,1298,AACTW
Jessamine/TW,1750,,,,,1.377,,,1654,,,30000,0.0099,0.0129,25,75,304.8,1371,AACTW
Cowslip/TW,2000,,,,,1.468,,,1890,,,34500,0.0086,0.0115,25,75,304.8,1477,AACTW
Lupine/TW,2500,,,,,1.648,,,2369,,,42400,0.007,0.0097,25,75,304.8,1661,AACTW
Trillium/TW,3000,,,,,1.799,,,2843,,,50900,0.0058,0.0084,25,75,304.8,1822,AACTW
Logan/TW,322.5,,,,,0.6,,,302.1,,,5960,0.0536,0.0657,25,75,304.8,489,AACTW
Wheeler/TW,449.4,,,,,0.7,,,421,,,8030,0.0385,0.0472,25,75,304.8,601,AACTW
Robson/TW,595.8,,,,,0.8,,,558.2,,,10700,0.029,0.0358,25,75,304.8,715,AACTW
McKinley/TW,761.5,,,,,0.9,,,713.3,,,13400,0.0227,0.0281,25,75,304.8,831,AACTW
Rainier/TW,918.8,,,,,1,,,864.3,,,16100,0.0188,0.0235,25,75,304.8,935,AACTW
Helens/TW,1123.1,,,,,1.1,,,1056,,,19700,0.0154,0.0194,25,75,304.8,1055,AACTW
Baker/TW,1346.8,,,,,1.2,,,1267,,,23600,0.0128,0.0164,25,75,304.8,1175,AACTW
Hood/TW,1583.2,,,,,1.3,,,1489,,,27200,0.0109,0.0141,25,75,304.8,1292,AACTW
Whitney/TW,1812.7,,,,,1.4,,,1713,,,31100,0.0095,0.0125,25,75,304.8,1398,AACTW
Powell/TW,2093.6,,,,,1.5,,,1978,,,35900,0.0083,0.0112,25,75,304.8,1508,AACTW
Jefferson/TW,2388.1,,,,,1.6,,,2256,,,40100,0.0073,0.01,25,75,304.8,1618,AACTW
Shasta/TW,2667.2,,,,,1.7,,,2528,,,45200,0.0065,0.0092,25,75,304.8,1718,AACTW
Adams/TW,3006.2,,,,,1.8,,,2848,,,51000,0.0059,0.0085,25,75,304.8,1818,AACTW
Partridge/TW,266.8,,,,0.2364,0.595,250,116,366,,,11200,0.3356,0.4103,20,75,1609.34,449,ACSRTW
Linnet/TW,336.4,,,,0.2655,0.667,316,146,462,,,14000,0.2662,0.3255,20,75,1609.34,519,ACSRTW
Oriole/TW,336.4,,,,0.3177,0.693,317,209,526,,,17100,0.265,0.3239,20,75,1609.34,525,ACSRTW
Merlin/TW,336.4,,,,0.1367,0.63,315,50,365,,,8560,0.2693,0.3298,20,75,1609.34,508,ACSRTW
Flicker/TW,477,,,,0.282,0.776,448,165,613,,,17200,0.1884,0.2308,20,75,1609.34,641,ACSRTW
Hawk/TW,477,,,,0.3159,0.789,449,206,655,,,19400,0.1877,0.2299,20,75,1609.34,645,ACSRTW
Hen/TW,477,,,,0.3783,0.82,450,296,746,,,23600,0.1869,0.2287,20,75,1609.34,653,ACSRTW
Parakeet/TW,556.5,,,,0.3045,0.835,523,192,715,,,20000,0.1615,0.198,20,75,1609.34,707,ACSRTW
Dove/TW,556.5,,,,0.3414,0.852,524,241,765,,,22600,0.1609,0.1973,20,75,1609.34,711,ACSRTW
Swift/TW,636,,,,0.1329,0.85,599,47,646,,,13500,0.1435,0.1821,20,75,1609.34,740,ACSRTW
Rook/TW,636,,,,0.3255,0.89,597,219,816,,,22900,0.1413,0.1735,20,75,1609.34,767,ACSRTW
Scoter/TW,636,,,,0.4368,0.942,600,395,995,,,30400,0.1398,0.1714,20,75,1609.34,783,ACSRTW
Grosbeak/TW,636,,,,0.3648,0.908,599,275,873,,,25400,0.1408,0.1728,20,75,1609.34,772,ACSRTW
Tern/TW,795,,,,0.2658,0.96,746,146,892,,,21000,0.1138,0.1405,20,75,1609.34,869,ACSRTW
Puffin/TW,795,,,,0.3324,0.98,747,228,975,,,25900,0.1133,0.1397,20,75,1609.34,876,ACSRTW
Condor/TW,795,,,,0.3639,0.993,747,274,1021,,,28200,0.113,0.1392,20,75,1609.34,880,ACSRTW
Drake/TW,795,,,,0.408,1.01,748,344,1092,,,31800,0.1126,0.1386,20,75,1609.34,886,ACSRTW
Phoenix/TW,954,,,,0.2511,1.044,898,131,1029,,,23700,0.0954,0.1217,20,75,1609.34,956,ACSRTW
Rail/TW,954,,,,0.2913,1.061,900,175,1075,,,25900,0.0953,0.1214,20,75,1609.34,960,ACSRTW
Cardinal/TW,954,,,,0.3987,1.084,897,329,1226,,,33500,0.0942,0.1164,20,75,1609.34,985,ACSRTW
Snowbird/TW,1033.5,,,,0.2613,1.089,974,141,1115,,,25700,0.088,0.1126,20,75,1609.34,1004,ACSRTW
Ortolan/TW,1033.5,,,,0.303,1.102,975,190,1165,,,28100,0.0879,0.1123,20,75,1609.34,1008,ACSRTW
Curlew/TW,1033.5,,,,0.4149,1.129,971,356,1327,,,36300,0.0869,0.1077,20,75,1609.34,1035,ACSRTW
Avocet/TW,1113,,,,0.2712,1.129,1049,152,1201,,,27500,0.0818,0.1048,20,75,1609.34,1050,ACSRTW
Bluejay/TW,1113,,,,0.3147,1.143,1049,205,1254,,,30300,0.0816,0.1045,20,75,1609.34,1055,ACSRTW
Finch/TW,1113,,,,0.431,1.185,1053,376,1429,,,39100,0.0812,0.1035,20,75,1609.34,1071,ACSRTW
Oxbird/TW,1192.5,,,,0.2808,1.167,1123,163,1286,,,29500,0.0763,0.0981,20,75,1609.34,1095,ACSRTW
Bunting/TW,1192.5,,,,0.3255,1.181,1124,219,1343,,,32400,0.0762,0.0978,20,75,1609.34,1100,ACSRTW
Grackel/TW,1192.5,,,,0.446,1.225,1127,403,1530,,,41900,0.0758,0.0968,20,75,1609.34,1117,ACSRTW
Scissortail/TW,1272,,,,0.2901,1.203,1198,174,1372,,,31400,0.0715,0.0922,20,75,1609.34,1139,ACSRTW
Bittern/TW,1272,,,,0.3363,1.22,1198,235,1433,,,34600,0.0714,0.0919,20,75,1609.34,1145,ACSRTW
Pheasant/TW,1272,,,,0.4605,1.264,1202,430,1632,,,44100,0.0711,0.0909,20,75,1609.34,1162,ACSRTW
Dipper/TW,1351.5,,,,0.3465,1.256,1274,248,1522,,,36700,0.0672,0.0868,20,75,1609.34,1187,ACSRTW
Martin/TW,1351.5,,,,0.4745,1.3,1278,456,1734,,,46800,0.0669,0.0858,20,75,1609.34,1205,ACSRTW
Bobolink/TW,1431,,,,0.3567,1.291,1350,263,1613,,,38900,0.0635,0.0822,20,75,1609.34,1229,ACSRTW
Plover/TW,1431,,,,0.4885,1.337,1353,483,1836,,,49600,0.0632,0.0812,20,75,1609.34,1248,ACSRTW
Lapwing/TW,1590,,,,0.3759,1.358,1500,292,1792,,,42200,0.0572,0.0745,20,75,1609.34,1308,ACSRTW
Falcon/TW,1590,,,,0.515,1.408,1503,537,2040,,,55100,0.0569,0.0735,20,75,1609.34,1330,ACSRTW
Chukar/TW,1780,,,,0.437,1.445,1676,387,2063,,,50700,0.0509,0.0667,20,75,1609.34,1405,ACSRTW
Bluebird/TW,2156,,,,0.4805,1.608,2047,468,2515,,,61100,0.0424,0.0554,20,75,1609.34,1585,ACSRTW
Monongahela/TW,405.1,,,,0.152,0.68,380,61,441,,,10200,0.2236,0.2741,20,75,1609.34,568,ACSRTW
Mohawk/TW,571.7,,,,0.309,0.846,537,198,735,,,20600,0.1572,0.1928,20,75,1609.34,717,ACSRTW
Calumet/TW,565.3,,,,0.3441,0.858,531,245,776,,,22900,0.1584,0.1942,20,75,1609.34,717,ACSRTW
Mystic/TW,666.6,,,,0.3333,0.913,626,230,856,,,24000,0.1348,0.1656,20,75,1609.34,790,ACSRTW
Oswego/TW,664.8,,,,0.3732,0.927,625,288,913,,,26600,0.1347,0.1654,20,75,1609.34,793,ACSRTW
Nechako/TW,768.9,,,,0.152,0.93,724,61,785,,,16400,0.1187,0.151,20,75,1609.34,832,ACSRTW
Maumee/TW,768.2,,,,0.3585,0.977,722,266,988,,,27700,0.117,0.144,20,75,1609.34,862,ACSRTW
Wabash/TW,762.8,,,,0.3993,0.99,717,330,1047,,,30500,0.1174,0.1446,20,75,1609.34,863,ACSRTW
Kettle/TW,957.2,,,,0.2919,1.06,903,176,1079,,,26000,0.0949,0.121,20,75,1609.34,962,ACSRTW
Fraser/TW,946.7,,,,0.3462,1.077,894,248,1142,,,29600,0.0957,0.1217,20,75,1609.34,963,ACSRTW
Columbia/TW,966.2,,,,0.4014,1.092,908,333,1241,,,34000,0.093,0.115,20,75,1609.34,993,ACSRTW
Suwannee/TW,959.6,,,,0.4479,1.108,903,415,1318,,,37000,0.0933,0.1152,20,75,1609.34,996,ACSRTW
Cheyenne/TW,1168.1,,,,0.2778,1.155,1100,160,1260,,,28900,0.0779,0.1001,20,75,1609.34,1081,ACSRTW
Genesee/TW,1158,,,,0.3234,1.165,1092,216,1308,,,31600,0.0785,0.1005,20,75,1609.34,1081,ACSRTW
Hudson/TW,1158.4,,,,0.4401,1.196,1089,400,1489,,,39600,0.0776,0.0964,20,75,1609.34,1111,ACSRTW
Catawba/TW,1272,,,,0.2901,1.203,1198,174,1372,,,31400,0.0715,0.0922,20,75,1609.34,1139,ACSRTW
Nelson/TW,1257.1,,,,0.3345,1.213,1186,231,1417,,,34200,0.0723,0.093,20,75,1609.34,1137,ACSRTW
Yukon/TW,1233.6,,,,0.455,1.245,1167,419,1586,,,42900,0.0733,0.0937,20,75,1609.34,1140,ACSRTW
Truckee/TW,1372.5,,,,0.3012,1.248,1293,188,1481,,,33400,0.0663,0.0858,20,75,1609.34,1192,ACSRTW
Mackenzie/TW,1359.7,,,,0.3477,1.259,1280,250,1530,,,36900,0.0668,0.0863,20,75,1609.34,1192,ACSRTW
Thames/TW,1334.6,,,,0.472,1.29,1262,451,1713,,,46300,0.0677,0.0868,20,75,1609.34,1195,ACSRTW
St.Croix/TW,1467.8,,,,0.3123,1.292,1383,202,1585,,,35800,0.062,0.0806,20,75,1609.34,1241,ACSRTW
Miramichi/TW,1455.3,,,,0.36,1.302,1372,268,1640,,,39200,0.0624,0.0809,20,75,1609.34,1241,ACSRTW
Merrimack/TW,1433.6,,,,0.489,1.34,1356,484,1840,,,49700,0.0631,0.0811,20,75,1609.34,1250,ACSRTW
Platte/TW,1569,,,,0.3222,1.334,1478,215,1693,,,38200,0.058,0.0758,20,75,1609.34,1291,ACSRTW
Potomac/TW,1557.4,,,,0.3723,1.345,1468,287,1755,,,41900,0.0583,0.0759,20,75,1609.34,1292,ACSRTW
RioGrande/TW,1533.3,,,,0.506,1.382,1449,519,1968,,,53200,0.059,0.076,20,75,1609.34,1301,ACSRTW
Schuylkill/TW,1657.4,,,,0.384,1.386,1563,305,1868,,,44000,0.0548,0.0717,20,75,1609.34,1341,ACSRTW
Pecos/TW,1622,,,,0.532,1.424,1533,574,2107,,,57500,0.0557,0.072,20,75,1609.34,1347,ACSRTW
PeeDee/TW,1758.6,,,,0.3957,1.427,1658,324,1982,,,46700,0.0517,0.0679,20,75,1609.34,1389,ACSRTW
James/TW,1730.6,,,,0.5375,1.47,1636,585,2221,,,59400,0.0522,0.0679,20,75,1609.34,1400,ACSRTW
Athabaska/TW,1949.6,,,,0.4176,1.504,1838,361,2199,,,51900,0.0466,0.0608,20,75,1609.34,1488,ACSRTW
Cumberland/TW,1926.9,,,,0.5665,1.545,1821,650,2471,,,65300,0.0469,0.0614,20,75,1609.34,1491,ACSRTW
Powder/TW,2153.8,,,,0.4805,1.602,2030,468,2498,,,61100,0.0424,0.0554,20,75,1609.34,1583,ACSRTW
Santee/TW,2627.3,,,,0.531,1.762,2477,571,3048,,,74500,0.0348,0.0468,20,75,1609.34,1768,ACSRTW
