Name,Size,MetalOD,LowTempC,LowResistancemile,LowResistancemeter,HiTempC,HiResistancemile,HiResistancemeter,alpha,beta,Type,Validated,minfirstderivative,Tc0hot,Tc0cold
Akron,30.58,0.198,25,3.5394,0.002199287,75,4.143,0.002574347,0.002011756,7.50121e-06,AAAC,1,-0.168597397087959,805.915046574322,-100
Alton,48.69,0.25,25,2.2235,0.001381622,75,2.6026,0.001617185,0.001263841,4.71125e-06,AAAC,1,-0.186881154525996,743.112216585049,-100
Ames,77.47,0.316,25,1.3973,0.000868244,75,1.6355,0.001016255,0.000794239,2.96022e-06,AAAC,1,-0.208153184337176,684.658495255295,-100
Azusa,123.3,0.398,25,0.8782,0.00054569,75,1.0278,0.000638647,0.000499211,1.85915e-06,AAAC,1,-0.234610740991753,631.116946911538,-100
Anaheim,155.4,0.447,25,0.6969,0.000433035,75,0.8156,0.000506792,0.000396156,1.47514e-06,AAAC,1,-0.251471466378281,605.532500926068,-100
Amherst,195.7,0.502,25,0.5536,0.000343992,75,0.6478,0.000402525,0.000314725,1.17067e-06,AAAC,1,-0.268546347224851,580.807033451094,-100
Alliance,246.9,0.563,25,0.4391,0.000272845,75,0.5137,0.000319199,0.000249668,9.27088e-07,AAAC,1,-0.286761006220568,557.166287589288,-100
Amarillo,246.9,0.57,25,0.4391,0.000272845,75,0.5137,0.000319199,0.000249668,9.27088e-07,AAAC,1,-0.288834078697578,554.699489259878,-100
Butte,312.8,0.642,25,0.3469,0.000215554,75,0.4058,0.000252153,0.000197255,7.31977e-07,AAAC,1,-0.309428050576934,531.080569813702,-100
Canton,394.5,0.721,25,0.2755,0.000171188,75,0.3221,0.000200144,0.00015671,5.79119e-07,AAAC,1,-0.331134485916306,508.802601778304,-100
Cairo,465.4,0.783,25,0.2339,0.000145339,75,0.2733,0.000169821,0.000133098,4.89642e-07,AAAC,1,-0.347609938650722,493.422729034989,-100
Darien,559.5,0.858,25,0.195,0.000121168,75,0.2278,0.000141549,0.000110977,4.07621e-07,AAAC,1,-0.366955812081339,476.788094599121,-100
Elgin,652.4,0.927,25,0.1677,0.000104204,75,0.1958,0.000121665,9.54739e-05,3.49211e-07,AAAC,1,-0.384256311620061,463.067676365911,-100
Flint,740.8,0.991,25,0.1482,9.20874e-05,75,0.1728,0.000107373,8.44446e-05,3.05715e-07,AAAC,1,-0.399915785011849,451.477339209642,-100
Greeley,927.2,1.108,25,0.1193,7.41298e-05,75,0.1389,8.63087e-05,6.80403e-05,2.43578e-07,AAAC,1,-0.427682519415582,432.600737644641,-100
Poppy,1,0.368,25,0.8829,0.00054861,75,1.0576,0.000657164,0.000494333,2.17108e-06,AAC,1,-0.224362335905087,648.63407567388,-100
Aster,2,0.414,25,0.7,0.000434961,75,0.8384,0.000520959,0.000391962,1.71996e-06,AAC,1,-0.240438999428677,622.138990587801,-100
Phlox,3,0.464,25,0.5543,0.000344427,75,0.6652,0.000413337,0.000309972,1.3782e-06,AAC,1,-0.256613972881795,597.340608168113,-100
Oxlip,4,0.522,25,0.4407,0.000273839,75,0.5277,0.000327898,0.000246809,1.08119e-06,AAC,1,-0.274423211488994,572.565487166382,-100
Pansy,1,0.328,25,1.1128,0.000691464,75,1.333,0.00082829,0.00062305,2.73653e-06,AAC,1,-0.21162286258973,675.413501195785,-100
Iris,2,0.292,25,1.4031,0.000871848,75,1.6808,0.001044403,0.00078557,3.4511e-06,AAC,1,-0.200404175595746,703.397755660198,-100
Rose,4,0.232,25,2.2308,0.001386158,75,2.6725,0.001660619,0.001248928,5.48921e-06,AAC,1,-0.180418684889123,761.87304215997,-100
Peachbell,6,0.184,25,3.5471,0.002204071,75,4.2493,0.002640399,0.001985907,8.72656e-06,AAC,1,-0.162988751119918,825.295639843208,-100
Sneezewort,250,0.567,25,0.3733,0.000231958,75,0.4469,0.000277691,0.000209092,9.14661e-07,AAC,1,-0.287781562477668,555.67022963387,-100
Valerian,250,0.574,25,0.3733,0.000231958,75,0.4469,0.000277691,0.000209092,9.14661e-07,AAC,1,-0.289850382302931,553.211451791059,-100
Daisy,266.8,0.586,25,0.3499,0.000217418,75,0.4188,0.000260231,0.000196012,8.56252e-07,AAC,1,-0.293317077165484,549.038988736152,-100
Laurel,266.8,0.593,25,0.3499,0.000217418,75,0.4188,0.000260231,0.000196012,8.56252e-07,AAC,1,-0.295364086435315,546.692754943405,-100
Peony,300,0.629,25,0.3113,0.000193433,75,0.3726,0.000231523,0.000174388,7.61803e-07,AAC,1,-0.305635362606321,535.028178982616,-100
Tulip,336.4,0.666,25,0.2779,0.000172679,75,0.3325,0.000206606,0.000155716,6.78539e-07,AAC,1,-0.315989376465543,523.912005125976,-100
Daffodil,350,0.679,25,0.2672,0.000166031,75,0.3197,0.000198653,0.00014972,6.52441e-07,AAC,1,-0.319579377144658,520.192275040399,-100
Canna,397.5,0.724,25,0.2355,0.000146333,75,0.2817,0.000175041,0.00013198,5.74148e-07,AAC,1,-0.331834225112328,507.990678945556,-100
Goldentuft,450,0.769,25,0.2084,0.000129494,75,0.2491,0.000154784,0.000116849,5.05797e-07,AAC,1,-0.343834239761884,496.734088570187,-100
Cosmos,477,0.793,25,0.197,0.00012241,75,0.235,0.000146023,0.000110604,4.72243e-07,AAC,1,-0.350129858547375,491.067395941942,-100
Syringa,477,0.795,25,0.1968,0.000122286,75,0.2352,0.000146147,0.000110356,4.77214e-07,AAC,1,-0.350654024180377,490.606562831577,-100
Hyacinth,500,0.813,25,0.1879,0.000116756,75,0.2245,0.000139498,0.000105385,4.54845e-07,AAC,1,-0.35533100771239,486.51830305997,-100
Zinnia,500,0.811,25,0.1879,0.000116756,75,0.2245,0.000139498,0.000105385,4.54845e-07,AAC,1,-0.354809909289021,486.96553102229,-100
Dahlia,556.5,0.856,25,0.169,0.000105012,75,0.202,0.000125517,9.47593e-05,4.10106e-07,AAC,1,-0.366363984923348,477.196530527099,-100
Misteltoe,556.5,0.858,25,0.1691,0.000105074,75,0.202,0.000125517,9.48525e-05,4.08863e-07,AAC,1,-0.366874898459021,476.779534583624,-100
Meadowsweet,600,0.891,25,0.1571,9.76177e-05,75,0.1875,0.000116507,8.81728e-05,3.77795e-07,AAC,1,-0.375207973915824,470.046566129721,-100
Orchid,636,0.918,25,0.1485,9.22739e-05,75,0.1771,0.000110045,8.33882e-05,3.55425e-07,AAC,1,-0.381956414200222,464.775848033414,-100
Flag,700,0.964,25,0.1353,8.40717e-05,75,0.1613,0.000100227,7.59939e-05,3.23114e-07,AAC,1,-0.393279216136351,456.24450128342,-100
Verbena,700,0.963,25,0.1353,8.40717e-05,75,0.1613,0.000100227,7.59939e-05,3.23114e-07,AAC,1,-0.393033915206909,456.423933125799,-100
Nasturtium,715.5,0.975,25,0.1325,8.23319e-05,75,0.1578,9.80526e-05,7.44715e-05,3.14415e-07,AAC,1,-0.395962835381472,454.277927884516,-100
Violet,715.5,0.974,25,0.1325,8.23319e-05,75,0.1578,9.80526e-05,7.44715e-05,3.14415e-07,AAC,1,-0.395718391371581,454.454750556717,-100
Cattail,750,0.998,25,0.1266,7.86658e-05,75,0.1508,9.3703e-05,7.11472e-05,3.00744e-07,AAC,1,-0.401543733302677,450.26548557316,-100
Petunia,750,0.997,25,0.1266,7.86658e-05,75,0.1508,9.3703e-05,7.11472e-05,3.00744e-07,AAC,1,-0.401301034185322,450.437064908603,-100
Arbutus,795,1.026,25,0.1197,7.43783e-05,75,0.1425,8.85456e-05,6.72947e-05,2.83346e-07,AAC,1,-0.408265283492076,445.536735070923,-100
Lilac,795,1.028,25,0.1197,7.43783e-05,75,0.1425,8.85456e-05,6.72947e-05,2.83346e-07,AAC,1,-0.408744616072444,445.206252858876,-100
Anemone,874.5,1.077,25,0.109,6.77296e-05,75,0.1298,8.06542e-05,6.12674e-05,2.58491e-07,AAC,1,-0.420362802008288,437.342176655312,-100
Crocus,874.5,1.078,25,0.109,6.77296e-05,75,0.13,8.07785e-05,6.12052e-05,2.60977e-07,AAC,1,-0.420598974581905,437.18687893588,-100
Cockscomb,900,1.092,25,0.1064,6.61141e-05,75,0.1264,7.85415e-05,5.99003e-05,2.48549e-07,AAC,1,-0.423889111388639,435.027503221021,-100
Snapdragon,900,1.094,25,0.1064,6.61141e-05,75,0.1264,7.85415e-05,5.99003e-05,2.48549e-07,AAC,1,-0.424359416560789,434.722595666133,-100
Goldenrod,954,1.126,25,0.1007,6.25722e-05,75,0.1195,7.4254e-05,5.67313e-05,2.33636e-07,AAC,1,-0.431805490763603,429.928837589434,-100
Magnolia,954,1.124,25,0.1007,6.25722e-05,75,0.1195,7.4254e-05,5.67313e-05,2.33636e-07,AAC,1,-0.431341013756871,430.222560266293,-100
Cameilla,1000,1.152,25,0.0963,5.98382e-05,75,0.1142,7.09608e-05,5.42769e-05,2.22451e-07,AAC,1,-0.437804859775104,426.163357603009,-100
Hawkweed,1000,1.15,25,0.0963,5.98382e-05,75,0.1142,7.09608e-05,5.42769e-05,2.22451e-07,AAC,1,-0.437343591521698,426.448509688605,-100
Bluebell,1033.5,1.17,25,0.0934,5.80362e-05,75,0.1107,6.8786e-05,5.26613e-05,2.14995e-07,AAC,1,-0.441934640602996,423.619213442895,-100
Larkspur,1033.5,1.172,25,0.0934,5.80362e-05,75,0.1107,6.8786e-05,5.26613e-05,2.14995e-07,AAC,1,-0.442393514105701,423.343738803773,-100
Marigold,1113,1.216,25,0.0872,5.41837e-05,75,0.1032,6.41257e-05,4.92127e-05,1.98839e-07,AAC,1,-0.452398671182275,417.349389998366,-100
Hawthorn,1192.5,1.258,25,0.0819,5.08904e-05,75,0.0967,6.00867e-05,4.62923e-05,1.83926e-07,AAC,1,-0.4618215494817,411.885775012428,-100
Narcissus,1272,1.3,25,0.0772,4.797e-05,75,0.0912,5.66692e-05,4.36204e-05,1.73984e-07,AAC,1,-0.471152432449197,406.65523427417,-100
Columbine,1351.5,1.34,25,0.0731,4.54223e-05,75,0.0861,5.35002e-05,4.13834e-05,1.61557e-07,AAC,1,-0.479945197489121,401.872365116328,-100
Carnation,1431,1.379,25,0.0695,4.31854e-05,75,0.0817,5.07662e-05,3.9395e-05,1.51615e-07,AAC,1,-0.488423113779284,397.388348687182,-100
Galdious,1510.5,1.417,25,0.0663,4.1197e-05,75,0.0778,4.83428e-05,3.76241e-05,1.42916e-07,AAC,1,-0.496616487566639,393.176251017581,-100
Coreopsis,1590,1.454,25,0.0634,3.9395e-05,75,0.0743,4.6168e-05,3.60086e-05,1.35459e-07,AAC,1,-0.504532896811767,389.212371179401,-100
Jessamine,1750,1.525,25,0.0585,3.63503e-05,75,0.0683,4.24398e-05,3.33056e-05,1.21789e-07,AAC,1,-0.51950785507294,381.966909444891,-100
Cowslip,2000,1.63,25,0.0525,3.26221e-05,75,0.0609,3.78416e-05,3.00123e-05,1.04391e-07,AAC,1,-0.541265946125151,372.028473715804,-100
Lupine,2500,1.823,25,0.0446,2.77132e-05,75,0.0511,3.17521e-05,2.56938e-05,8.07785e-08,AAC,1,-0.580080717255282,355.790400341925,-100
Trilium,3000,1.996,25,0.0392,2.43578e-05,75,0.0445,2.76511e-05,2.27112e-05,6.58655e-08,AAC,1,-0.613756327700729,343.056988823926,-100
Bluebonnet,3500,2.158,25,0.0355,2.20587e-05,75,0.0399,2.47928e-05,2.06917e-05,5.46808e-08,AAC,1,-0.644450367298921,332.396925633848,-100
355 -  12/7,355,0.684,25,0.2776,0.000172493,75,0.3296,0.000204804,0.000156337,6.46228e-07,ACAR,1,-0.320995026168387,532.219055717908,-100
355 - 15/4,355,0.684,25,0.2714,0.000168641,75,0.3233,0.00020089,0.000152516,6.44985e-07,ACAR,1,-0.320977671002061,531.911740028853,-100
395.1 - 15/4,395.1,0.721,25,0.2441,0.000151677,75,0.2907,0.000180633,0.000137199,5.79119e-07,ACAR,1,-0.331045522730274,520.62962945762,-100
465.9 -  12/7,465.9,0.783,25,0.2121,0.000131793,75,0.2517,0.0001564,0.00011949,4.92127e-07,ACAR,1,-0.347545615415604,503.816022868914,-100
503.6 -  12/7,503.6,0.814,25,0.1965,0.0001221,75,0.233,0.00014478,0.00011076,4.53602e-07,ACAR,1,-0.355617971390964,496.006332082574,-100
503.6 - 15/4,503.6,0.814,25,0.1921,0.000119366,75,0.2286,0.000142046,0.000108026,4.53602e-07,ACAR,1,-0.35560443687998,495.781491874846,-100
559.5 - 15/4,559.5,0.858,25,0.1732,0.000107622,75,0.206,0.000128003,9.74312e-05,4.07621e-07,ACAR,1,-0.366888005939982,485.381193148098,-100
587.2 - 15/4,587.2,0.879,25,0.1652,0.000102651,75,0.1964,0.000122038,9.29574e-05,3.87737e-07,ACAR,1,-0.372201299930955,480.700628357591,-100
653.1 -  12/7,653.1,0.927,25,0.1523,9.46351e-05,75,0.1804,0.000112096,8.59048e-05,3.49211e-07,ACAR,1,-0.384206627686378,470.725612640405,-100
653.1 - 15/4,653.1,0.927,25,0.149,9.25845e-05,75,0.1769,0.000109921,8.39164e-05,3.46726e-07,ACAR,1,-0.384195740972732,470.552971358674,-100
739.8 -  18/19,739.8,0.99,25,0.1378,8.56252e-05,75,0.1625,0.000100973,7.79512e-05,3.06958e-07,ACAR,1,-0.399638183911764,458.667566019521,-100
739.8 -  30/7,739.8,0.99,25,0.1316,8.17727e-05,75,0.1562,9.70584e-05,7.41298e-05,3.05715e-07,ACAR,1,-0.399617216286298,458.338710754273,-100
739.8 - 24/13,739.8,0.99,25,0.1346,8.36368e-05,75,0.1593,9.89847e-05,7.59628e-05,3.06958e-07,ACAR,1,-0.399627406502116,458.497888551679,-100
739.8 - 33/4,739.8,0.99,25,0.1302,8.09027e-05,75,0.1547,9.61264e-05,7.32909e-05,3.04473e-07,ACAR,1,-0.399612431200769,458.26438479396,-100
853.7 -  18/19,853.7,1.063,25,0.1201,7.46269e-05,75,0.1414,8.78621e-05,6.80092e-05,2.64705e-07,ACAR,1,-0.417088598551174,445.731482268015,-100
853.7 -  30/7,853.7,1.063,25,0.1147,7.12715e-05,75,0.1359,8.44446e-05,6.46849e-05,2.63462e-07,ACAR,1,-0.417069649809765,445.440808403673,-100
853.7 - 24/13,853.7,1.063,25,0.1173,7.2887e-05,75,0.1386,8.61223e-05,6.62694e-05,2.64705e-07,ACAR,1,-0.417078813120149,445.580801064733,-100
927.2 -  18/19,927.2,1.108,25,0.111,6.89724e-05,75,0.1305,8.10891e-05,6.2914e-05,2.42335e-07,ACAR,1,-0.427653380674077,438.376714884249,-100
927.2 -  30/7,927.2,1.108,25,0.1061,6.59276e-05,75,0.1255,7.79823e-05,5.99003e-05,2.41093e-07,ACAR,1,-0.427635794533232,438.110114517721,-100
927.2 - 24/13,927.2,1.108,25,0.1084,6.73568e-05,75,0.128,7.95357e-05,6.12674e-05,2.43578e-07,ACAR,1,-0.427644084495281,438.235291514979,-100
1024.5 -  18/19,1024.5,1.165,25,0.101,6.27586e-05,75,0.1187,7.37569e-05,5.72595e-05,2.19966e-07,ACAR,1,-0.440814467645294,429.62161291975,-100
1024.5 -  30/7,1024.5,1.165,25,0.0966,6.00246e-05,75,0.1142,7.09608e-05,5.45565e-05,2.18723e-07,ACAR,1,-0.440798327293695,429.379657522517,-100
1024.5 - 24/13,1024.5,1.165,25,0.0987,6.13295e-05,75,0.1164,7.23278e-05,5.58303e-05,2.19966e-07,ACAR,1,-0.440806063819133,429.495170639413,-100
1081 -  18/19,1081,1.196,25,0.096,5.96518e-05,75,0.1127,7.00287e-05,5.44633e-05,2.07538e-07,ACAR,1,-0.447891351070529,425.099074991641,-100
1081 -  30/7,1081,1.196,25,0.0918,5.7042e-05,75,0.1084,6.73568e-05,5.18846e-05,2.06296e-07,ACAR,1,-0.447875757408593,424.866684692882,-100
1081 - 24/13,1081,1.196,25,0.0939,5.83469e-05,75,0.1105,6.86617e-05,5.31895e-05,2.06296e-07,ACAR,1,-0.447883587512713,424.982908857254,-100
1109 -  18/19,1109,1.212,25,0.0937,5.82226e-05,75,0.11,6.8351e-05,5.31584e-05,2.02568e-07,ACAR,1,-0.451518718674754,422.840964280078,-100
1109 -  30/7,1109,1.212,25,0.0897,5.57371e-05,75,0.1058,6.57412e-05,5.07351e-05,2.00082e-07,ACAR,1,-0.451503728236782,422.618709128156,-100
1109 - 24/13,1109,1.212,25,0.0917,5.69799e-05,75,0.1078,6.6984e-05,5.19778e-05,2.00082e-07,ACAR,1,-0.451511255611542,422.729867800438,-100
1172 -  18/19,1172,1.246,25,0.0891,5.53643e-05,75,0.1044,6.48713e-05,5.06108e-05,1.9014e-07,ACAR,1,-0.459160778579211,418.158082306511,-100
1172 -  30/7,1172,1.246,25,0.0852,5.2941e-05,75,0.1004,6.23858e-05,4.82185e-05,1.88897e-07,ACAR,1,-0.459145990732116,417.940191144211,-100
1172 - 24/13,1172,1.246,25,0.0871,5.41216e-05,75,0.1024,6.36286e-05,4.93681e-05,1.9014e-07,ACAR,1,-0.459153225490467,418.046370609408,-100
1172 - 33/4,1172,1.246,25,0.0843,5.23817e-05,75,0.0995,6.18266e-05,4.76593e-05,1.88897e-07,ACAR,1,-0.459142541674792,417.88987236167,-100
1197 -  18/19,1197,1.259,25,0.0873,5.42458e-05,75,0.1023,6.35664e-05,4.95855e-05,1.86412e-07,ACAR,1,-0.462065870589682,416.407362658028,-100
1197 -  30/7,1197,1.259,25,0.0836,5.19468e-05,75,0.0985,6.12052e-05,4.73175e-05,1.85169e-07,ACAR,1,-0.462051776741531,416.200160482927,-100
1197 - 24/13,1197,1.259,25,0.0854,5.30652e-05,75,0.1003,6.23237e-05,4.8436e-05,1.85169e-07,ACAR,1,-0.462058662148141,416.300981957747,-100
1280 -  18/19,1280,1.302,25,0.0821,5.10147e-05,75,0.0961,5.97139e-05,4.66651e-05,1.73984e-07,ACAR,1,-0.471614359065424,410.816020917942,-100
1280 -  30/7,1280,1.302,25,0.0787,4.8902e-05,75,0.0925,5.7477e-05,4.46146e-05,1.71499e-07,ACAR,1,-0.471601228682217,410.623939581409,-100
1280 - 24/13,1280,1.302,25,0.0803,4.98962e-05,75,0.0942,5.85333e-05,4.55777e-05,1.72742e-07,ACAR,1,-0.471607433431961,410.714349895263,-100
1362 -  42/19,1362,1.345,25,0.0756,4.69758e-05,75,0.0886,5.50536e-05,4.29369e-05,1.61557e-07,ACAR,1,-0.481047927763551,405.371199111963,-100
1362 - 54/7,1362,1.345,25,0.0737,4.57952e-05,75,0.0888,5.51779e-05,4.11038e-05,1.87655e-07,ACAR,1,-0.481040391603004,405.262884636672,-100
1703 -  42/19,1703,1.504,25,0.0622,3.86494e-05,75,0.0723,4.49252e-05,3.55115e-05,1.25517e-07,ACAR,1,-0.515111133464643,387.511125680129,-100
1703 - 48/13,1703,1.504,25,0.0614,3.81523e-05,75,0.0715,4.44282e-05,3.50144e-05,1.25517e-07,ACAR,1,-0.515107827127211,387.464114643905,-100
1703 - 54/7,1703,1.504,25,0.0607,3.77173e-05,75,0.0725,4.50495e-05,3.40512e-05,1.46644e-07,ACAR,1,-0.515104899487237,387.422968203423,-100
1933 -  42/19,1933,1.602,25,0.0559,3.47347e-05,75,0.0647,4.02028e-05,3.20007e-05,1.09362e-07,ACAR,1,-0.535525573420226,377.740086412423,-100
1933 - 48/13,1933,1.602,25,0.0553,3.43619e-05,75,0.0641,3.983e-05,3.16279e-05,1.09362e-07,ACAR,1,-0.53552303739399,377.704191977061,-100
1933 - 54/7,1933,1.602,25,0.0546,3.3927e-05,75,0.0648,4.0265e-05,3.0758e-05,1.2676e-07,ACAR,1,-0.535520048511539,377.662310837137,-100
2267 -  42/19,2267,1.735,25,0.0496,3.08201e-05,75,0.0571,3.54804e-05,2.84899e-05,9.32059e-08,ACAR,1,-0.562565091102269,365.754050068181,-100
2267 - 48/13,2267,1.735,25,0.0491,3.05094e-05,75,0.0565,3.51076e-05,2.82103e-05,9.19632e-08,ACAR,1,-0.562562921012874,365.723351086122,-100
2267 - 54/7,2267,1.735,25,0.0486,3.01987e-05,75,0.0571,3.54804e-05,2.75579e-05,1.05633e-07,ACAR,1,-0.562560727747689,365.692647676966,-100
2338 -  42/19,2338,1.762,25,0.0484,3.00744e-05,75,0.0556,3.45483e-05,2.78375e-05,8.94777e-08,ACAR,1,-0.567979294773505,363.465333763438,-100
2338 - 48/13,2338,1.762,25,0.0479,2.97638e-05,75,0.0551,3.42376e-05,2.75268e-05,8.94777e-08,ACAR,1,-0.567977113206167,363.434500583445,-100
2338 - 54/7,2338,1.762,25,0.0474,2.94531e-05,75,0.0557,3.46105e-05,2.68744e-05,1.03148e-07,ACAR,1,-0.567974908751033,363.403652992361,-100
2493 - 54/37,2493,1.821,25,0.045936,2.85434e-05,75,0.0528,3.28085e-05,2.64108e-05,8.5302e-08,ACAR,1,-0.579691545575902,358.620086197324,-100
<undefined>,611,0.858,25,0.149424,9.2848e-05,75,0.17952,0.000111549,8.34976e-05,3.74017e-07,ACCC,0,0,0,0
<undefined>,713,0.927,25,0.128304,7.97246e-05,75,0.154176,9.58008e-05,7.16865e-05,3.21523e-07,ACCC,0,0,0,0
<undefined>,816,0.99,25,0.112992,7.02101e-05,75,0.135168,8.39897e-05,6.33204e-05,2.75591e-07,ACCC,0,0,0,0
<undefined>,1020,1.108,25,0.090816,5.64306e-05,75,0.108768,6.75855e-05,5.08531e-05,2.23098e-07,ACCC,0,0,0,0
<undefined>,1222,1.196,25,0.077088,4.79004e-05,75,0.091872,5.70868e-05,4.33072e-05,1.83727e-07,ACCC,0,0,0,0
<undefined>,1572,1.345,25,0.061248,3.80578e-05,75,0.072864,4.52757e-05,3.44489e-05,1.44357e-07,ACCC,0,0,0,0
<undefined>,1966,1.504,25,0.0510048,3.1693e-05,75,0.059664,3.70736e-05,2.90027e-05,1.07612e-07,ACCC,0,0,0,0
<undefined>,2242,1.602,25,0.0458832,2.85106e-05,75,0.053328,3.31366e-05,2.61976e-05,9.25199e-08,ACCC,0,0,0,0
Linnet,336.4,0.659,25,0.2647,0.000164477,75,0.3181,0.000197659,0.000147887,6.63626e-07,ACSSTW,1,-0.313993205451596,578.736685457871,-100
Oriole,336.4,0.693,25,0.2622,0.000162924,75,0.3151,0.000195795,0.000146489,6.57412e-07,ACSSTW,1,-0.323439093206771,568.28065912613,-100
Flicker,477,0.776,25,0.1877,0.000116632,75,0.2255,0.00014012,0.000104888,4.69758e-07,ACSSTW,1,-0.345623004148789,532.652499108443,-100
Hawk,477,0.789,25,0.18691,0.000116141,75,0.22493,0.000139765,0.000104328,4.72492e-07,ACSSTW,1,-0.349047592164114,529.380598169993,-100
Hen,477,0.825,25,0.1852,0.000115078,75,0.2225,0.000138255,0.00010349,4.63544e-07,ACSSTW,1,-0.358440752703185,520.773640296268,-100
Parakeet,556.5,0.835,25,0.1612,0.000100165,75,0.1935,0.000120236,9.01301e-05,4.01407e-07,ACSSTW,1,-0.360951815072851,513.975396235216,-100
Dove,556.5,0.852,25,0.15998,9.94072e-05,75,0.19219,0.000119422,8.94e-05,4.00288e-07,ACSSTW,1,-0.365312363171865,510.068444100073,-100
Calumet,565.3,0.858,25,0.1581,9.8239e-05,75,0.1898,0.000117937,8.83903e-05,3.9395e-07,ACSSTW,1,-0.366839149891753,508.433137232165,-100
Mohawk,571.7,0.846,25,0.157,9.75555e-05,75,0.1884,0.000117067,8.78e-05,3.90222e-07,ACSSTW,1,-0.363766170438059,510.786430645038,-100
Rook,636,0.89,25,0.1413,8.78e-05,75,0.1696,0.000105385,7.90075e-05,3.51697e-07,ACSSTW,1,-0.374903062001364,498.588083191064,-100
Grosbeak,636,0.908,25,0.14045,8.72718e-05,75,0.16843,0.000104658,7.85788e-05,3.4772e-07,ACSSTW,1,-0.379427736523462,494.808013476774,-100
Scoter,636,0.953,25,0.1393,8.65572e-05,75,0.1672,0.000103894,7.78891e-05,3.46726e-07,ACSSTW,1,-0.390590090737809,486.01494765085,-100
Oswego,664.8,0.927,25,0.1347,8.36989e-05,75,0.1617,0.000100476,7.53104e-05,3.35541e-07,ACSSTW,1,-0.384147476686578,490.018391967183,-100
Mystic,666.6,0.913,25,0.1349,8.38232e-05,75,0.1619,0.0001006,7.54347e-05,3.35541e-07,ACSSTW,1,-0.38066149444737,492.76795875985,-100
Wabash,762.8,0.99,25,0.1177,7.31356e-05,75,0.1411,8.76757e-05,6.58655e-05,2.90802e-07,ACSSTW,1,-0.399568819954792,475.208029705073,-100
Maumee,768.2,0.977,25,0.1174,7.29492e-05,75,0.1407,8.74271e-05,6.57102e-05,2.8956e-07,ACSSTW,1,-0.396398785867487,477.447909934063,-100
Tern,795,0.96,25,0.1147,7.12715e-05,75,0.1373,8.53145e-05,6.42499e-05,2.8086e-07,ACSSTW,1,-0.392225299410648,479.976243363767,-100
Puffin,795,0.98,25,0.1139,7.07744e-05,75,0.1365,8.48174e-05,6.37528e-05,2.8086e-07,ACSSTW,1,-0.397118674468812,476.219300389008,-100
Condor,795,0.993,25,0.1136,7.05879e-05,75,0.1361,8.45688e-05,6.35975e-05,2.79618e-07,ACSSTW,1,-0.400283633572226,473.87289347303,-100
Drake,795,1.01,25,0.11246,6.98796e-05,75,0.13464,8.36616e-05,6.29886e-05,2.75641e-07,ACSSTW,1,-0.404394321673228,470.729481975109,-100
Canary,900,1.055,25,0.1007,6.25722e-05,75,0.1205,7.48754e-05,5.64206e-05,2.46064e-07,ACSSTW,1,-0.415119418000092,460.981143000469,-100
Fraser,946.7,1.077,25,0.0969,6.0211e-05,75,0.119,7.39434e-05,5.33448e-05,2.74647e-07,ACSSTW,1,-0.420318323828054,456.734153241052,-100
Phoenix,954,1.044,25,0.097,6.02732e-05,75,0.119,7.39434e-05,5.34381e-05,2.73404e-07,ACSSTW,1,-0.412486454710318,462.031321396729,-100
Rail,954,1.061,25,0.0967,6.00867e-05,75,0.1187,7.37569e-05,5.32516e-05,2.73404e-07,ACSSTW,1,-0.416529429595265,459.237941690109,-100
Cardinal,954,1.084,25,0.09451,5.87259e-05,75,0.11299,7.02089e-05,5.29845e-05,2.29659e-07,ACSSTW,1,-0.421961263988026,455.172508731169,-100
Kettle,957.2,1.06,25,0.0964,5.99003e-05,75,0.1183,7.35084e-05,5.30963e-05,2.72161e-07,ACSSTW,1,-0.416290960618777,459.342945596851,-100
Suwannee,959.6,1.108,25,0.0941,5.84712e-05,75,0.1127,7.00287e-05,5.26924e-05,2.31151e-07,ACSSTW,1,-0.427591394555591,451.426212020359,-100
Columbia,966.2,1.092,25,0.094,5.8409e-05,75,0.1124,6.98423e-05,5.26924e-05,2.28665e-07,ACSSTW,1,-0.423843269633583,453.830492312387,-100
Snowbird,1033.5,1.089,25,0.0899,5.58614e-05,75,0.1101,6.84131e-05,4.95855e-05,2.51035e-07,ACSSTW,1,-0.423121597633583,453.499491466268,-100
Ortolan,1033.5,1.102,25,0.0896,5.5675e-05,75,0.1098,6.82267e-05,4.93991e-05,2.51035e-07,ACSSTW,1,-0.42617303010901,451.45027326077,-100
Curlew,1033.5,1.129,25,0.08818,5.47926e-05,75,0.10507,6.52876e-05,4.95452e-05,2.099e-07,ACSSTW,1,-0.432454635796798,447.130986068961,-100
Avocet,1113,1.129,25,0.0838,5.2071e-05,75,0.0938,5.82848e-05,4.89642e-05,1.24275e-07,ACSSTW,1,-0.432437652463874,446.269527193136,-100
Bluejay,1113,1.143,25,0.0835,5.18846e-05,75,0.0935,5.80984e-05,4.87778e-05,1.24275e-07,ACSSTW,1,-0.435678413468426,444.164279942471,-100
Finch,1113,1.185,25,0.0826,5.13254e-05,75,0.1012,6.28829e-05,4.55466e-05,2.31151e-07,ACSSTW,1,-0.445329237700605,438.040971744362,-100
Genesee,1158,1.165,25,0.0805,5.00205e-05,75,0.0983,6.10809e-05,4.44903e-05,2.21209e-07,ACSSTW,1,-0.440736746182772,440.420885383623,-100
Hudson,1158.4,1.196,25,0.079,4.90884e-05,75,0.0943,5.85954e-05,4.43349e-05,1.9014e-07,ACSSTW,1,-0.447826506559432,435.830456177585,-100
Cheyenne,1168.1,1.155,25,0.0801,4.9772e-05,75,0.0979,6.08324e-05,4.42417e-05,2.21209e-07,ACSSTW,1,-0.438434111438847,441.772810557393,-100
Oxbird,1192.5,1.167,25,0.0786,4.88399e-05,75,0.096,5.96518e-05,4.3434e-05,2.16238e-07,ACSSTW,1,-0.441188685735051,439.778907787241,-100
Bunting,1192.5,1.181,25,0.0783,4.86535e-05,75,0.0956,5.94032e-05,4.32786e-05,2.14995e-07,ACSSTW,1,-0.444397314845971,437.760807420719,-100
Grackle,1192.5,1.225,25,0.0773,4.80321e-05,75,0.0947,5.8844e-05,4.26262e-05,2.16238e-07,ACSSTW,1,-0.454391810100262,431.594609697846,-100
Yukon,1233.6,1.245,25,0.07498,4.65905e-05,75,0.0887,5.51158e-05,4.23279e-05,1.70505e-07,ACSSTW,1,-0.458881617171251,428.522525378429,-100
Nelson,1257.1,1.213,25,0.0745,4.62923e-05,75,0.0909,5.64828e-05,4.1197e-05,2.0381e-07,ACSSTW,1,-0.45167050844186,432.654545405485,-100
Catawba,1272,1.203,25,0.0741,4.60437e-05,75,0.0902,5.60478e-05,4.10417e-05,2.00082e-07,ACSSTW,1,-0.449401434042875,433.911431060807,-100
Scissortail,1272,1.203,25,0.0741,4.60437e-05,75,0.0902,5.60478e-05,4.10417e-05,2.00082e-07,ACSSTW,1,-0.449401434042875,433.911431060807,-100
Bittern,1272,1.22,25,0.0737,4.57952e-05,75,0.0899,5.58614e-05,4.07621e-05,2.01325e-07,ACSSTW,1,-0.453249130508991,431.561955504676,-100
Pheasant,1272,1.264,25,0.07286,4.52732e-05,75,0.08659,5.38047e-05,4.10075e-05,1.70629e-07,ACSSTW,1,-0.463127094100362,425.674135798396,-100
Thames,1334.6,1.29,25,0.0696,4.32475e-05,75,0.0849,5.27545e-05,3.8494e-05,1.9014e-07,ACSSTW,1,-0.468904240314243,421.779973137384,-100
Dipper,1351.5,1.256,25,0.0697,4.33097e-05,75,0.0849,5.27545e-05,3.85872e-05,1.88897e-07,ACSSTW,1,-0.46132537286957,426.072007000646,-100
Martin,1351.5,1.3,25,0.0688,4.27504e-05,75,0.0839,5.21332e-05,3.80591e-05,1.87655e-07,ACSSTW,1,-0.47111875795199,420.403062442552,-100
Mackenzie,1359.7,1.259,25,0.0694,4.31233e-05,75,0.0844,5.24439e-05,3.8463e-05,1.86412e-07,ACSSTW,1,-0.461995353456452,425.621469572178,-100
Truckee,1372.5,1.248,25,0.0691,4.29369e-05,75,0.084,5.21953e-05,3.83076e-05,1.85169e-07,ACSSTW,1,-0.459530640463856,426.983783435002,-100
Bobolink,1431,1.291,25,0.0662,4.11349e-05,75,0.0804,4.99584e-05,3.67231e-05,1.7647e-07,ACSSTW,1,-0.469112241945344,420.981175498247,-100
Plover,1431,1.337,25,0.0652,4.05135e-05,75,0.0795,4.93991e-05,3.60707e-05,1.77713e-07,ACSSTW,1,-0.479256704287964,415.24429039822,-100
Merrimack,1433.6,1.34,25,0.0651,4.04514e-05,75,0.0793,4.92749e-05,3.60396e-05,1.7647e-07,ACSSTW,1,-0.479912593630699,414.881335775815,-100
MiramichiACSS,1455.3,1.302,25,0.0652,4.05135e-05,75,0.0792,4.92127e-05,3.61639e-05,1.73984e-07,ACSSTW,1,-0.471546832353441,419.440726547289,-100
St. Croix,1467.8,1.292,25,0.065,4.03892e-05,75,0.0789,4.90263e-05,3.60707e-05,1.72742e-07,ACSSTW,1,-0.469329194091069,420.617491056734,-100
Rio Grande,1533.3,1.382,25,0.0612,3.8028e-05,75,0.0744,4.62301e-05,3.3927e-05,1.64042e-07,ACSSTW,1,-0.489039139702535,409.273894131562,-100
Potomac,1557.4,1.345,25,0.0613,3.80901e-05,75,0.0743,4.6168e-05,3.40512e-05,1.61557e-07,ACSSTW,1,-0.480989487917102,413.529845991567,-100
Platte,1569,1.334,25,0.0613,3.80901e-05,75,0.0742,4.61059e-05,3.40823e-05,1.60314e-07,ACSSTW,1,-0.478583538820707,414.831659910185,-100
Lapwing,1590,1.358,25,0.05966,3.70711e-05,75,0.07022,4.36328e-05,3.37902e-05,1.31234e-07,ACSSTW,1,-0.483818356700633,411.696677216671,-100
Falcon,1590,1.408,25,0.05914,3.6748e-05,75,0.07022,4.36328e-05,3.33056e-05,1.37696e-07,ACSSTW,1,-0.494648978910293,405.973324008122,-100
Pecos,1622,1.424,25,0.058,3.60396e-05,75,0.0688,4.27504e-05,3.26842e-05,1.34217e-07,ACSSTW,1,-0.498086451148571,403.995218153161,-100
Schuylkill,1657.4,1.386,25,0.0581,3.61018e-05,75,0.0702,4.36204e-05,3.23425e-05,1.50372e-07,ACSSTW,1,-0.489892350283611,408.199012229355,-100
James,1730.6,1.47,25,0.0549,3.41134e-05,75,0.0664,4.12591e-05,3.05405e-05,1.42916e-07,ACSSTW,1,-0.50789809179711,398.503365473528,-100
Pee Dee,1758.6,1.427,25,0.0551,3.42376e-05,75,0.0665,4.13213e-05,3.06958e-05,1.41673e-07,ACSSTW,1,-0.498718093355352,403.087381184232,-100
Chukar,1780,1.445,25,0.05438,3.37902e-05,75,0.05396,3.35293e-05,3.39207e-05,-5.21953e-09,ACSSTW,1,-0.502571810753506,401.021024858383,-100
Cumberland,1926.9,1.545,25,0.05016,3.11681e-05,75,0.05861,3.64187e-05,2.85428e-05,1.05012e-07,ACSSTW,1,-0.523657464726197,390.022397348835,-100
Athabaska,1949.6,1.504,25,0.05069,3.14974e-05,75,0.05914,3.6748e-05,2.88721e-05,1.05012e-07,ACSSTW,1,-0.515061903172734,394.186251999431,-100
Powder,2153.8,1.602,25,0.0464,2.88317e-05,75,0.0543,3.37405e-05,2.63773e-05,9.81769e-08,ACSSTW,1,-0.53548412842839,383.856303695177,-100
Bluebird,2156,1.608,25,0.0464,2.88317e-05,75,0.0543,3.37405e-05,2.63773e-05,9.81769e-08,ACSSTW,1,-0.53672363827164,383.303131194656,-100
Santee,2627.3,1.762,25,0.0396,2.46064e-05,75,0.0459,2.8521e-05,2.2649e-05,7.8293e-08,ACSSTW,1,-0.567939553518394,368.583999001444,-100
Turkey,6,0.198,25,3.454,0.002146221,75,4.32,0.00268433,0.001877167,1.07622e-05,ACSR,1,-0.168528842914433,809.025765304202,-100
Swan,4,0.25,25,2.172,0.001349622,75,2.765,0.001718096,0.001165385,7.36948e-06,ACSR,1,-0.186832165385448,749.954200130123,-100
Swanate,4,0.257,25,2.147,0.001334087,75,2.779,0.001726795,0.001137733,7.85415e-06,ACSR,1,-0.189268662384229,743.712051954108,-100
Sparrow,2,0.316,25,1.366,0.000848795,75,1.778,0.001104801,0.000720792,5.12011e-06,ACSR,1,-0.208118541369676,694.348461044463,-100
Sparate,2,0.325,25,1.351,0.000839475,75,1.787,0.001110393,0.000704015,5.41837e-06,ACSR,1,-0.210938839970047,688.510518270676,-100
Robin,1,0.355,25,1.083,0.000672947,75,1.427,0.000886699,0.000566071,4.27504e-06,ACSR,1,-0.2202367063393,668.003618340985,-100
Raven,1,0.398,25,0.859,0.000533759,75,1.145,0.000711472,0.000444903,3.55425e-06,ACSR,1,-0.234588934913969,642.949179476358,-100
Quail,2,0.447,25,0.681,0.000423155,75,0.924,0.000574148,0.000347658,3.01987e-06,ACSR,1,-0.251435902544594,618.274310796172,-100
Pigeon,3,0.502,25,0.541,0.000336163,75,0.746,0.000463544,0.000272472,2.54763e-06,ACSR,1,-0.268516188532653,594.403135207842,-100
Penguin,4,0.563,25,0.434,0.000269676,75,0.611,0.000379659,0.000214684,2.19966e-06,ACSR,1,-0.286747271952387,571.735686155553,-100
Grouse,80,0.367,25,1.112,0.000690966,75,1.525,0.000947593,0.000562653,5.13254e-06,ACSR,1,-0.224296518479615,661.939404936173,-100
Petrel,101.8,0.461,25,0.853,0.000530031,75,1.321,0.000820833,0.00038463,5.81605e-06,ACSR,0,-0.256282569802097,616.497707708497,-100
Minorca,110.8,0.481,25,0.783,0.000486535,75,1.233,0.000766153,0.000346726,5.59235e-06,ACSR,0,-0.262477602417287,607.756028794547,-100
Leghorn,134.6,0.53,25,0.645,0.000400785,75,1.053,0.000654305,0.000274025,5.0704e-06,ACSR,0,-0.277319949625147,588.35841212917,-100
Guinea,159,0.576,25,0.491,0.000305094,75,0.921,0.000572284,0.000171499,5.34381e-06,ACSR,0,-0.000662727834620958,570.082276129523,-100
Cochin,211.3,0.664,25,0.411,0.000255384,75,0.732,0.000454845,0.000155654,3.98921e-06,ACSR,0,-0.156188920327078,545.243042859541,-100
Waxwing,266.8,0.609,25,0.3471,0.000215678,75,0.4155,0.00025818,0.000194428,8.50038e-07,ACSR,1,-0.299992491580393,555.568986173828,-100
Partridge,266.8,0.642,25,0.3437,0.000213566,75,0.4113,0.000255571,0.000192563,8.40096e-07,ACSR,1,-0.309419635809921,547.007630277189,-100
Junco,266.8,0.66,25,0.3413,0.000212075,75,0.4083,0.000253706,0.000191259,8.32639e-07,ACSR,1,-0.314482043285803,542.660023940821,-100
Ostrich,300,0.68,25,0.3058,0.000190016,75,0.3659,0.00022736,0.000171344,7.4689e-07,ACSR,1,-0.319963363197067,536.24974107172,-100
Merlin,336.4,0.684,25,0.2756,0.00017125,75,0.3298,0.000204929,0.000154411,6.73568e-07,ACSR,1,-0.3209894143329,533.682333845449,-100
Widgeon,336.4,0.7103,25,0.274,0.000170256,75,0.3279,0.000203748,0.00015351,6.6984e-07,ACSR,1,-0.328219192479361,527.856383522285,-100
Linnet,336.4,0.72,25,0.273,0.000169635,75,0.327,0.000203189,0.000152858,6.71083e-07,ACSR,1,-0.330855987387265,525.789981042138,-100
Oriole,336.4,0.741,25,0.2708,0.000168268,75,0.324,0.000201325,0.000151739,6.61141e-07,ACSR,1,-0.336525841131471,521.411467761415,-100
Chickadee,397.5,0.743,25,0.2336,0.000145153,75,0.2794,0.000173612,0.000130923,5.69177e-07,ACSR,1,-0.336958033527312,518.56390171714,-100
Brant,397.5,0.772,25,0.2321,0.000144221,75,0.2777,0.000172555,0.000130053,5.66692e-07,ACSR,1,-0.344699394419143,512.809050978151,-100
Ibis,397.5,0.783,25,0.2311,0.000143599,75,0.2764,0.000171747,0.000129525,5.62964e-07,ACSR,1,-0.347601734348135,510.707426603933,-100
Lark,397.5,0.806,25,0.2294,0.000142543,75,0.2743,0.000170443,0.000128593,5.57993e-07,ACSR,1,-0.353629977174977,506.479905189625,-100
Pelican,477,0.814,25,0.195,0.000121168,75,0.2331,0.000144842,0.000109331,4.73486e-07,ACSR,1,-0.355613350680648,502.314808787747,-100
Flicker,477,0.846,25,0.1937,0.00012036,75,0.2316,0.00014391,0.000108585,4.71001e-07,ACSR,1,-0.363882864323466,496.752487881585,-100
Hawk,477,0.858,25,0.1928,0.000119801,75,0.2305,0.000143226,0.000108088,4.68515e-07,ACSR,1,-0.366949043137831,494.735849979068,-100
Hen,477,0.883,25,0.191,0.000118682,75,0.229,0.000142294,0.000106876,4.72243e-07,ACSR,1,-0.373294259707375,490.670113607129,-100
Osprey,556.5,0.879,25,0.1676,0.000104142,75,0.2002,0.000124399,9.40137e-05,4.05135e-07,ACSR,1,-0.372208984226754,488.991478159598,-100
Parakeet,556.5,0.914,25,0.166,0.000103148,75,0.199,0.000123653,9.28952e-05,4.10106e-07,ACSR,1,-0.381014416922355,483.474586169434,-100
Dove,556.5,0.927,25,0.1655,0.000102837,75,0.1978,0.000122908,9.2802e-05,4.01407e-07,ACSR,1,-0.384249270220791,481.549602156438,-100
Eagle,556.5,0.953,25,0.1642,0.000102029,75,0.1963,0.000121975,9.20564e-05,3.98921e-07,ACSR,1,-0.390671421267817,477.805670688267,-100
Peacock,605,0.953,25,0.1532,9.51943e-05,75,0.183,0.000113711,8.59358e-05,3.70338e-07,ACSR,1,-0.390636116404994,476.515858124512,-100
Squab,605,0.966,25,0.1524,9.46972e-05,75,0.1821,0.000113152,8.54698e-05,3.69095e-07,ACSR,1,-0.393826341822864,474.653204050006,-100
Teal,605,0.994,25,0.1513,9.40137e-05,75,0.1808,0.000112344,8.48484e-05,3.6661e-07,ACSR,1,-0.4006549535305,470.855278217089,-100
Wood Duck,605,0.994,25,0.1512,9.39516e-05,75,0.1806,0.00011222,8.48174e-05,3.65367e-07,ACSR,1,-0.400654631530889,470.842411116362,-100
Duck,605,0.952,25,0.1533,9.52564e-05,75,0.188,0.000116818,8.44756e-05,4.31233e-07,ACSR,1,-0.390390221892944,476.650423454482,-100
Kingbird,636,0.94,25,0.147,9.13418e-05,75,0.1755,0.000109051,8.24872e-05,3.54182e-07,ACSR,1,-0.387409358125347,477.62082014845,-100
Rook,636,0.977,25,0.1458,9.05961e-05,75,0.1742,0.000108243,8.17727e-05,3.5294e-07,ACSR,1,-0.396496051024923,472.375168241005,-100
Grosbeak,636,0.99,25,0.1451,9.01612e-05,75,0.1733,0.000107684,8.13998e-05,3.50454e-07,ACSR,1,-0.399662380270773,470.57799280007,-100
Scoter,636,1.019,25,0.1439,8.94155e-05,75,0.1719,0.000106814,8.07163e-05,3.47969e-07,ACSR,1,-0.406667570436271,466.768085004442,-100
Egret,636,1.019,25,0.144,8.94777e-05,75,0.172,0.000106876,8.07785e-05,3.47969e-07,ACSR,1,-0.406667899492709,466.781727964795,-100
Swift,636,0.93,25,0.1477,9.17768e-05,75,0.1763,0.000109548,8.28911e-05,3.55425e-07,ACSR,1,-0.384935797985394,479.155543054862,-100
Goose,636,0.977,25,0.1459,9.06583e-05,75,0.1789,0.000111164,8.04056e-05,4.10106e-07,ACSR,1,-0.396496323568147,472.387629274309,-100
Flamingo,666.6,1,25,0.1393,8.65572e-05,75,0.1663,0.000103334,7.81687e-05,3.35541e-07,ACSR,1,-0.402071927999879,468.520433406869,-100
Gannet,666.6,1.014,25,0.1385,8.60601e-05,75,0.1654,0.000102775,7.77027e-05,3.34299e-07,ACSR,1,-0.40544765086092,466.646522750573,-100
Gull,666.6,0.9999,25,0.1394,8.66194e-05,75,0.1708,0.00010613,7.68638e-05,3.90222e-07,ACSR,1,-0.40204795620206,468.551203723646,-100
Stilt,715.5,1.036,25,0.1299,8.07163e-05,75,0.1551,9.63749e-05,7.2887e-05,3.13172e-07,ACSR,1,-0.41069427938481,462.755805927081,-100
Starling,715.5,1.051,25,0.1292,8.02814e-05,75,0.1543,9.58778e-05,7.24831e-05,3.11929e-07,ACSR,1,-0.414269198246538,460.834664164856,-100
Redwing,715.5,1.081,25,0.1282,7.966e-05,75,0.1531,9.51322e-05,7.19239e-05,3.09444e-07,ACSR,1,-0.421373907708196,457.247551262641,-100
Crow,715.5,1.04,25,0.1299,8.07163e-05,75,0.1592,9.89225e-05,7.16132e-05,3.64124e-07,ACSR,1,-0.411649719303859,462.261858025915,-100
Turbit,795,1.0634,25,0.1185,7.36327e-05,75,0.1412,8.77378e-05,6.65801e-05,2.82103e-07,ACSR,1,-0.417177853135088,457.78080947767,-100
Puffin,795,1.0772,25,0.1179,7.32598e-05,75,0.1405,8.73029e-05,6.62383e-05,2.8086e-07,ACSR,1,-0.420441547121075,456.074562458904,-100
Cuckoo,795,1.092,25,0.1172,7.28249e-05,75,0.1398,8.68679e-05,6.58034e-05,2.8086e-07,ACSR,1,-0.423927410466428,454.258417509526,-100
Drake,795,1.108,25,0.117,7.27006e-05,75,0.139,8.63708e-05,6.58655e-05,2.73404e-07,ACSR,1,-0.427674492776968,452.463192657435,-100
Skimmer,795,1.14,25,0.1155,7.17686e-05,75,0.1379,8.56873e-05,6.48092e-05,2.78375e-07,ACSR,1,-0.43510260274345,448.827160574073,-100
Mallard,795,1.14,25,0.116,7.20792e-05,75,0.138,8.57494e-05,6.52441e-05,2.73404e-07,ACSR,1,-0.435104345798315,448.91519641481,-100
Coot,795,1.04,25,0.119,7.39434e-05,75,0.1417,8.80485e-05,6.68908e-05,2.82103e-07,ACSR,1,-0.411612155786476,460.692606527151,-100
Tern,795,1.063,25,0.1185,7.36327e-05,75,0.1421,8.82971e-05,6.63005e-05,2.93288e-07,ACSR,1,-0.417082989068779,457.818044306357,-100
Condor,795,1.092,25,0.117,7.27006e-05,75,0.14,8.69922e-05,6.55548e-05,2.85831e-07,ACSR,1,-0.423926707872219,454.226324181118,-100
Ruddy,900,1.131,25,0.1051,6.53063e-05,75,0.1259,7.82308e-05,5.8844e-05,2.58491e-07,ACSR,1,-0.43298158418107,447.941607401433,-100
Canary,900,1.162,25,0.1039,6.45606e-05,75,0.1269,7.88522e-05,5.74148e-05,2.85831e-07,ACSR,1,-0.440135274388341,444.455337635084,-100
Corncrake,954,1.165,25,0.0994,6.17645e-05,75,0.1183,7.35084e-05,5.58925e-05,2.34879e-07,ACSR,1,-0.440808614619075,443.313912353662,-100
Redbird,954,1.196,25,0.0982,6.10188e-05,75,0.117,7.27006e-05,5.51779e-05,2.33636e-07,ACSR,1,-0.447899391380187,439.969450496234,-100
Merganser,954,1.2481,25,0.0967,6.00867e-05,75,0.1152,7.15821e-05,5.4339e-05,2.29908e-07,ACSR,1,-0.459659862474433,434.772586101908,-100
Rail,954,1.165,25,0.0994,6.17645e-05,75,0.1189,7.38812e-05,5.57061e-05,2.42335e-07,ACSR,1,-0.440808607163074,443.313912353662,-100
Cardinal,954,1.196,25,0.0982,6.10188e-05,75,0.1199,7.45026e-05,5.42769e-05,2.69676e-07,ACSR,1,-0.447899355340187,439.969450496234,-100
Snowbird,1033.5,1.203,25,0.0925,5.7477e-05,75,0.1105,6.86617e-05,5.18846e-05,2.23694e-07,ACSR,1,-0.449472823619299,438.13256677355,-100
Ortolan,1033.5,1.212,25,0.0922,5.72906e-05,75,0.11,6.8351e-05,5.17603e-05,2.21209e-07,ACSR,1,-0.451513106691241,437.193608689344,-100
Curlew,1033.5,1.245,25,0.091,5.65449e-05,75,0.108,6.71083e-05,5.12633e-05,2.11267e-07,ACSR,1,-0.458943509093231,433.825078002851,-100
Bluejay,1113,1.259,25,0.0859,5.33759e-05,75,0.102,6.338e-05,4.83739e-05,2.00082e-07,ACSR,1,-0.462060550387286,431.411400618039,-100
Finch,1113,1.293,25,0.0851,5.28788e-05,75,0.101,6.27586e-05,4.79389e-05,1.97597e-07,ACSR,1,-0.469631009998181,428.196594597962,-100
Bunting,1192.5,1.302,25,0.0805,5.00205e-05,75,0.0959,5.95896e-05,4.52359e-05,1.91383e-07,ACSR,1,-0.471608187430423,426.316845420906,-100
Grackle,1192.5,1.338,25,0.0798,4.95855e-05,75,0.097,6.02732e-05,4.42417e-05,2.13752e-07,ACSR,1,-0.479533959814372,423.122618675201,-100
Bittern,1272,1.345,25,0.0759,4.71622e-05,75,0.0898,5.57993e-05,4.28437e-05,1.72742e-07,ACSR,1,-0.48104909582684,421.524192502758,-100
Pheasant,1272,1.382,25,0.0751,4.66651e-05,75,0.089,5.53022e-05,4.23466e-05,1.72742e-07,ACSR,1,-0.489095614066424,418.354963414717,-100
Dipper,1351.5,1.386,25,0.0718,4.46146e-05,75,0.0852,5.2941e-05,4.04514e-05,1.66528e-07,ACSR,1,-0.489948973338241,417.135343025754,-100
Martin,1351.5,1.424,25,0.071,4.41175e-05,75,0.086,5.34381e-05,3.94572e-05,1.86412e-07,ACSR,1,-0.498139890223326,413.98398755316,-100
Bobolink,1431,1.427,25,0.0681,4.23155e-05,75,0.0808,5.02069e-05,3.83698e-05,1.57829e-07,ACSR,1,-0.4987724694274,412.923433820159,-100
Plover,1431,1.465,25,0.0673,4.18184e-05,75,0.0814,5.05797e-05,3.74377e-05,1.75227e-07,ACSR,1,-0.506889610718581,409.897639270612,-100
Nuthatch,1510.5,1.466,25,0.0649,4.03271e-05,75,0.0768,4.77214e-05,3.66299e-05,1.47887e-07,ACSR,1,-0.507092039251733,409.079492071503,-100
Parrot,1510.5,1.505,25,0.0641,3.983e-05,75,0.0774,4.80942e-05,3.56979e-05,1.65285e-07,ACSR,1,-0.515329389821451,406.08220828178,-100
Lapwing,1590,1.504,25,0.062,3.85251e-05,75,0.0729,4.52981e-05,3.51386e-05,1.35459e-07,ACSR,1,-0.515110298266966,405.448221631781,-100
Falcon,1590,1.545,25,0.0611,3.79659e-05,75,0.0721,4.4801e-05,3.45483e-05,1.36702e-07,ACSR,1,-0.523704157664742,402.39977662006,-100
Chukar,1780,1.602,25,0.0561,3.4859e-05,75,0.0658,4.08863e-05,3.18454e-05,1.20546e-07,ACSR,1,-0.535526405543965,396.951204890096,-100
Bluebird,2156,1.762,25,0.0477,2.96395e-05,75,0.0555,3.44862e-05,2.72161e-05,9.69341e-08,ACSR,1,-0.567976230322312,384.291962085001,-100
Kiwi,2167,1.735,25,0.0484,3.00744e-05,75,0.0562,3.49211e-05,2.76511e-05,9.69341e-08,ACSR,1,-0.562559862128918,386.05321182927,-100
Thrasher,2312,1.802,25,0.0454,2.82103e-05,75,0.0528,3.28085e-05,2.59112e-05,9.19632e-08,ACSR,1,-0.575929442397544,381.110316251058,-100
Joree,2515,1.88,25,0.0428,2.65948e-05,75,0.0493,3.06337e-05,2.45753e-05,8.07785e-08,ACSR,1,-0.59128166246961,375.976164275211,-100
266.8 - 26/7,266.8,0.642,25,0.398,0.000247306,75,0.4656,0.000289311,0.000226304,8.40096e-07,AACSR,0,0,0,0
266.8 - 30/7,266.8,0.66,25,0.3946,0.000245194,75,0.4616,0.000286826,0.000224378,8.32639e-07,AACSR,0,0,0,0
300.0 - 26/7,300,0.68,25,0.354,0.000219966,75,0.4142,0.000257373,0.000201263,7.48133e-07,AACSR,0,0,0,0
336.4 - 26/7,336.4,0.72,25,0.3158,0.00019623,75,0.3694,0.000229535,0.000179577,6.66112e-07,AACSR,0,0,0,0
336.4 - 30/7,336.4,0.741,25,0.3131,0.000194552,75,0.3663,0.000227609,0.000178023,6.61141e-07,AACSR,0,0,0,0
397.5 - 26/7,397.5,0.783,25,0.2675,0.000166217,75,0.3128,0.000194365,0.000152143,5.62964e-07,AACSR,0,0,0,0
397.5 - 30/7,397.5,0.806,25,0.2651,0.000164726,75,0.3101,0.000192688,0.000150745,5.59235e-07,AACSR,0,0,0,0
477.0 - 26/7,477,0.858,25,0.2231,0.000138628,75,0.2608,0.000162054,0.000126915,4.68515e-07,AACSR,0,0,0,0
477.0 - 30/7,477,0.883,25,0.2211,0.000137386,75,0.2586,0.000160687,0.000125735,4.6603e-07,AACSR,0,0,0,0
556.5 - 26/7,556.5,0.927,25,0.1915,0.000118993,75,0.2238,0.000139063,0.000108958,4.01407e-07,AACSR,0,0,0,0
556.5 - 30/7,556.5,0.953,25,0.1897,0.000117874,75,0.2218,0.00013782,0.000107901,3.98921e-07,AACSR,0,0,0,0
605.0 - 26/7,605,0.966,25,0.1763,0.000109548,75,0.206,0.000128003,0.000100321,3.69095e-07,AACSR,0,0,0,0
605.0 - 30/19,605,0.994,25,0.1748,0.000108616,75,0.2043,0.000126946,9.94507e-05,3.6661e-07,AACSR,0,0,0,0
605.0 - 30/7,605,0.994,25,0.1746,0.000108492,75,0.2041,0.000126822,9.93264e-05,3.6661e-07,AACSR,0,0,0,0
636.0 - 26/7,636,0.99,25,0.1678,0.000104266,75,0.196,0.000121789,9.5505e-05,3.50454e-07,AACSR,0,0,0,0
636.0 - 30/19,636,1.019,25,0.1663,0.000103334,75,0.1944,0.000120795,9.4604e-05,3.49211e-07,AACSR,0,0,0,0
636.0 - 30/7,636,1.019,25,0.1662,0.000103272,75,0.1942,0.000120671,9.45729e-05,3.47969e-07,AACSR,0,0,0,0
666.6 - 26/7,666.6,1.014,25,0.1601,9.94818e-05,75,0.1871,0.000116259,9.10932e-05,3.35541e-07,AACSR,0,0,0,0
715.5 - 26/7,715.5,1.051,25,0.1493,9.27709e-05,75,0.1744,0.000108367,8.49727e-05,3.11929e-07,AACSR,0,0,0,0
715.5 - 30/19,715.5,1.081,25,0.1481,9.20253e-05,75,0.173,0.000107497,8.42892e-05,3.09444e-07,AACSR,0,0,0,0
795.0 - 26/7,795,1.108,25,0.1346,8.36368e-05,75,0.1572,9.76798e-05,7.66153e-05,2.8086e-07,AACSR,0,0,0,0
795.0 - 30/19,795,1.14,25,0.1334,8.28911e-05,75,0.1558,9.68099e-05,7.59317e-05,2.78375e-07,AACSR,0,0,0,0
795.0 - 45/7,795,1.063,25,0.167,0.000103769,75,0.1609,9.99789e-05,0.000105664,-7.58075e-08,AACSR,0,0,0,0
795.0 - 54/7,795,1.092,25,0.1354,8.41339e-05,75,0.1625,0.000100973,7.57143e-05,3.36784e-07,AACSR,0,0,0,0
795.0 - 30/7,795,1.14,25,0.1333,8.2829e-05,75,0.1557,9.67477e-05,7.58696e-05,2.78375e-07,AACSR,0,0,0,0
900.0 - 45/7,900,1.131,25,0.1214,7.54347e-05,75,0.1424,8.84835e-05,6.89102e-05,2.60977e-07,AACSR,0,0,0,0
900.0 - 54/7,900,1.162,25,0.12,7.45647e-05,75,0.1437,8.92913e-05,6.72015e-05,2.94531e-07,AACSR,0,0,0,0
954.0 - 45/7,954,1.165,25,0.1148,7.13336e-05,75,0.1345,8.35746e-05,6.52131e-05,2.44821e-07,AACSR,0,0,0,0
954.0 - 54/7,954,1.196,25,0.1133,7.04015e-05,75,0.1357,8.43203e-05,6.34422e-05,2.78375e-07,AACSR,0,0,0,0
954.0 - 30/19,954,1.248,25,0.1116,6.93452e-05,75,0.1302,8.09027e-05,6.35664e-05,2.31151e-07,AACSR,0,0,0,0
1033.5 - 45/7,1033.5,1.212,25,0.1062,6.59898e-05,75,0.1244,7.72988e-05,6.03353e-05,2.2618e-07,AACSR,0,0,0,0
1033.5 - 54/7,1033.5,1.246,25,0.1049,6.5182e-05,75,0.1254,7.79201e-05,5.88129e-05,2.54763e-07,AACSR,0,0,0,0
1113.0 - 45/7,1113,1.259,25,0.099,6.15159e-05,75,0.1158,7.1955e-05,5.62964e-05,2.08781e-07,AACSR,0,0,0,0
1113.0 - 54/19,1113,1.293,25,0.0981,6.09567e-05,75,0.1172,7.28249e-05,5.50226e-05,2.37364e-07,AACSR,0,0,0,0
1192.5 - 45/7,1192.5,1.302,25,0.0927,5.76013e-05,75,0.1083,6.72947e-05,5.27545e-05,1.93868e-07,AACSR,0,0,0,0
1192.5 - 54/19,1192.5,1.338,25,0.0918,5.7042e-05,75,0.1096,6.81025e-05,5.15118e-05,2.21209e-07,AACSR,0,0,0,0
1272.0 - 45/7,1272,1.345,25,0.0872,5.41837e-05,75,0.1018,6.32557e-05,4.96477e-05,1.81441e-07,AACSR,0,0,0,0
1272.0 - 54/19,1272,1.382,25,0.0864,5.36866e-05,75,0.1029,6.39393e-05,4.85603e-05,2.05053e-07,AACSR,0,0,0,0
1351.5 - 45/7,1351.5,1.386,25,0.0824,5.12011e-05,75,0.0961,5.97139e-05,4.69447e-05,1.70256e-07,AACSR,0,0,0,0
1351.5 - 54/19,1351.5,1.424,25,0.0815,5.06419e-05,75,0.097,6.02732e-05,4.58262e-05,1.92626e-07,AACSR,0,0,0,0
1431.0 - 45/7,1431,1.427,25,0.0781,4.85292e-05,75,0.091,5.65449e-05,4.45214e-05,1.60314e-07,AACSR,0,0,0,0
1431.0 - 54/19,1431,1.465,25,0.0772,4.797e-05,75,0.0918,5.7042e-05,4.3434e-05,1.81441e-07,AACSR,0,0,0,0
1510.5 - 45/7,1510.5,1.466,25,0.0743,4.6168e-05,75,0.0864,5.36866e-05,4.24087e-05,1.50372e-07,AACSR,0,0,0,0
1510.5 - 54/19,1510.5,1.505,25,0.0734,4.56088e-05,75,0.0872,5.41837e-05,4.13213e-05,1.71499e-07,AACSR,0,0,0,0
1590.0 - 45/7,1590,1.504,25,0.0709,4.40553e-05,75,0.0824,5.12011e-05,4.04824e-05,1.42916e-07,AACSR,0,0,0,0
1590.0 - 54/19,1590,1.545,25,0.07,4.34961e-05,75,0.083,5.15739e-05,3.94572e-05,1.61557e-07,AACSR,0,0,0,0
1780.0 - 84/19,1780,1.602,25,0.064,3.97679e-05,75,0.0739,4.59194e-05,3.66921e-05,1.23032e-07,AACSR,0,0,0,0
2034.5 - 72/7,2034.5,1.681,25,0.0577,3.58532e-05,75,0.0663,4.1197e-05,3.31813e-05,1.06876e-07,AACSR,0,0,0,0
2057.0 - 76/19,2057,1.7,25,0.0569,3.53561e-05,75,0.0653,4.05756e-05,3.27463e-05,1.04391e-07,AACSR,0,0,0,0
2156.0 - 84/19,2156,1.762,25,0.0541,3.36163e-05,75,0.0621,3.85872e-05,3.11308e-05,9.94196e-08,AACSR,0,0,0,0
2167.0 - 72/7,2167,1.735,25,0.0547,3.39891e-05,75,0.0627,3.89601e-05,3.15036e-05,9.94196e-08,AACSR,0,0,0,0
2312.0 - 76/19,2312,1.802,25,0.0516,3.20628e-05,75,0.0589,3.65989e-05,2.97948e-05,9.07204e-08,AACSR,0,0,0,0
2515.0 - 76/19,2515,1.88,25,0.0481,2.9888e-05,75,0.0548,3.40512e-05,2.78064e-05,8.32639e-08,AACSR,0,0,0,0
Logan,322.5,0.6,25,0.2898,0.000180074,75,0.3468,0.000215492,0.000162365,7.08365e-07,AACTW,1,-0.297234347030088,558.548374908994,-100
Tulip,336.4,0.612,25,0.2779,0.000172679,75,0.3325,0.000206606,0.000155716,6.78539e-07,AACTW,1,-0.300668051512404,554.011338254473,-100
Canna,397.5,0.661,25,0.2355,0.000146333,75,0.2817,0.000175041,0.00013198,5.74148e-07,AACTW,1,-0.314468157349828,536.78186177863,-100
Wheeler,449.4,0.7,25,0.2087,0.00012968,75,0.2494,0.00015497,0.000117036,5.05797e-07,AACTW,1,-0.325208800203562,524.388603096516,-100
Cosmos,477,0.72,25,0.1968,0.000122286,75,0.2352,0.000146147,0.000110356,4.77214e-07,AACTW,1,-0.330631350388006,518.462462942251,-100
Zinnia,500,0.736,25,0.1879,0.000116756,75,0.2245,0.000139498,0.000105385,4.54845e-07,AACTW,1,-0.334933787486226,513.872357634105,-100
Mistletoe,556.5,0.775,25,0.1691,0.000105074,75,0.202,0.000125517,9.48525e-05,4.08863e-07,AACTW,1,-0.34529881671512,503.2932861644,-100
Robson,595.8,0.8,25,0.1582,9.83012e-05,75,0.1888,0.000117315,8.87942e-05,3.8028e-07,AACTW,1,-0.351840713318422,496.913717848907,-100
Meadowsweet,600,0.803,25,0.1571,9.76177e-05,75,0.1875,0.000116507,8.81728e-05,3.77795e-07,AACTW,1,-0.352622002946561,496.169036393224,-100
Orchid,636,0.825,25,0.1485,9.22739e-05,75,0.1771,0.000110045,8.33882e-05,3.55425e-07,AACTW,1,-0.3583215911381,490.826321351113,-100
Verbena,700,0.864,25,0.1353,8.40717e-05,75,0.1613,0.000100227,7.59939e-05,3.23114e-07,AACTW,1,-0.368291695001504,481.83132976105,-100
Nasturtium,750,0.893,25,0.1266,7.86658e-05,75,0.1508,9.3703e-05,7.11472e-05,3.00744e-07,AACTW,1,-0.375608676109199,475.519943853121,-100
McKinley,761.5,0.9,25,0.1247,7.74852e-05,75,0.1486,9.2336e-05,7.00598e-05,2.97016e-07,AACTW,1,-0.37736427978226,474.052706899166,-100
Arbutus,795,0.919,25,0.1197,7.43783e-05,75,0.1425,8.85456e-05,6.72947e-05,2.83346e-07,AACTW,1,-0.382105844075611,470.117031135736,-100
Cockscomb,900,0.99,25,0.1064,6.61141e-05,75,0.1264,7.85415e-05,5.99003e-05,2.48549e-07,AACTW,1,-0.399527902077895,456.527494161107,-100
Rainier,918.8,1,25,0.1043,6.48092e-05,75,0.1239,7.69881e-05,5.87197e-05,2.43578e-07,AACTW,1,-0.401949200571253,454.689193104323,-100
Magnolia,954,1.018,25,0.1007,6.25722e-05,75,0.1195,7.4254e-05,5.67313e-05,2.33636e-07,AACTW,1,-0.40627600313158,451.460047854279,-100
Hawkweed,1000,1.041,25,0.0963,5.98382e-05,75,0.1142,7.09608e-05,5.42769e-05,2.22451e-07,AACTW,1,-0.411768091936795,447.454411781791,-100
Bluebell,1033.5,1.057,25,0.0934,5.80362e-05,75,0.1107,6.8786e-05,5.26613e-05,2.14995e-07,AACTW,1,-0.415567176422342,444.734271903454,-100
Marigold,1113,1.095,25,0.0872,5.41837e-05,75,0.1032,6.41257e-05,4.92127e-05,1.98839e-07,AACTW,1,-0.424522600673494,438.513996517995,-100
Helens,1123.1,1.1,25,0.0865,5.37487e-05,75,0.1023,6.35664e-05,4.88399e-05,1.96354e-07,AACTW,1,-0.425693458487222,437.716406631565,-100
Hawthorn,1192.5,1.132,25,0.0819,5.08904e-05,75,0.0967,6.00867e-05,4.62923e-05,1.83926e-07,AACTW,1,-0.433125816683712,432.734427158734,-100
Narcissus,1272,1.168,25,0.0772,4.797e-05,75,0.0911,5.66071e-05,4.36514e-05,1.72742e-07,AACTW,1,-0.441412776977938,427.355791022886,-100
Baker,1346.8,1.2,25,0.0734,4.56088e-05,75,0.0864,5.36866e-05,4.15698e-05,1.61557e-07,AACTW,1,-0.448715582710311,422.766607352686,-100
Columbine,1351.5,1.202,25,0.0731,4.54223e-05,75,0.0861,5.35002e-05,4.13834e-05,1.61557e-07,AACTW,1,-0.449169784892031,422.490507162058,-100
Carnation,1431,1.236,25,0.0695,4.31854e-05,75,0.0817,5.07662e-05,3.9395e-05,1.51615e-07,AACTW,1,-0.456837436009658,417.808862648087,-100
Hood,1583.2,1.3,25,0.0637,3.95814e-05,75,0.0746,4.63544e-05,3.6195e-05,1.35459e-07,AACTW,1,-0.4710976219989,409.47016146538,-100
Coreopsis,1590,1.315,25,0.0635,3.94572e-05,75,0.0743,4.6168e-05,3.61018e-05,1.34217e-07,AACTW,1,-0.474414030254921,407.647086397283,-100
Jessamine,1750,1.377,25,0.0585,3.63503e-05,75,0.0683,4.24398e-05,3.33056e-05,1.21789e-07,AACTW,1,-0.487943597214449,400.186833441314,-100
Whitney,1812.7,1.4,25,0.0568,3.5294e-05,75,0.0662,4.11349e-05,3.23735e-05,1.16818e-07,AACTW,1,-0.492913448088779,397.530642010812,-100
Cowslip,2000,1.468,25,0.0525,3.26221e-05,75,0.0609,3.78416e-05,3.00123e-05,1.04391e-07,AACTW,1,-0.507463606623667,390.04054357233,-100
Powell,2093.6,1.5,25,0.051,3.169e-05,75,0.0591,3.67231e-05,2.91734e-05,1.00662e-07,AACTW,1,-0.514220806913379,386.689926553942,-100
Jefferson,2388.1,1.6,25,0.0461,2.86453e-05,75,0.053,3.29328e-05,2.65015e-05,8.57494e-08,AACTW,1,-0.535069313590619,376.772580550737,-100
Lupine,2500,1.648,25,0.0446,2.77132e-05,75,0.0511,3.17521e-05,2.56938e-05,8.07785e-08,AACTW,1,-0.544911993774682,372.332291634996,-100
Trillium,3000,1.799,25,0.0392,2.43578e-05,75,0.0445,2.76511e-05,2.27112e-05,6.58655e-08,AACTW,1,-0.575306427420783,359.359794966846,-100
Junco,266.8,0.66,25,0.332,0.000206296,75,0.3991,0.00024799,0.000185449,8.33882e-07,ACSS,1,-0.31445772615418,578.270055196214,-100
Partridge,266.8,0.642,25,0.3343,0.000207725,75,0.4019,0.00024973,0.000186723,8.40096e-07,ACSS,1,-0.309395057235923,580.849307266225,-100
Ostrich,300,0.68,25,0.2974,0.000184796,75,0.3575,0.000222141,0.000166124,7.4689e-07,ACSS,1,-0.319940635638052,570.764261143227,-100
Linnet,336.4,0.72,25,0.2654,0.000164912,75,0.319,0.000198218,0.00014826,6.66112e-07,ACSS,1,-0.330834744480035,560.959670618937,-100
Oriole,336.4,0.741,25,0.2635,0.000163732,75,0.3167,0.000196789,0.000147203,6.61141e-07,ACSS,1,-0.336505528044934,558.639664029431,-100
WoodCock,336.4,0.701,25,0.2677,0.000166341,75,0.3218,0.000199958,0.000149533,6.72325e-07,ACSS,1,-0.325656999331921,563.457551574768,-100
Brant,397.5,0.772,25,0.2258,0.000140306,75,0.2714,0.000168641,0.000126139,5.66692e-07,ACSS,1,-0.344680924252554,548.223979960442,-100
Ibis,397.5,0.783,25,0.2248,0.000139685,75,0.2701,0.000167833,0.00012561,5.62964e-07,ACSS,1,-0.347583306718903,547.06879576267,-100
Lark,397.5,0.806,25,0.2232,0.00013869,75,0.2681,0.00016659,0.000124741,5.57993e-07,ACSS,1,-0.353611924334302,544.867421235859,-100
Ptarmigan,397.5,0.752,25,0.2277,0.000141487,75,0.2737,0.00017007,0.000127195,5.71663e-07,ACSS,1,-0.33935583288477,550.56149485255,-100
Flicker,477,0.846,25,0.1885,0.000117129,75,0.2264,0.000140679,0.000105354,4.71001e-07,ACSS,1,-0.363866862588492,533.415477232617,-100
Hawk,477,0.858,25,0.1876,0.00011657,75,0.2253,0.000139995,0.000104857,4.68515e-07,ACSS,1,-0.366933072247232,532.307576594098,-100
Hen,477,0.883,25,0.1862,0.0001157,75,0.2236,0.000138939,0.00010408,4.64787e-07,ACSS,1,-0.37327959157113,530.341063767729,-100
Tailorbird,477,0.824,25,0.1901,0.000118123,75,0.2284,0.000141922,0.000106224,4.75972e-07,ACSS,1,-0.358196663224721,535.524157973427,-100
Dove,556.5,0.927,25,0.161,0.000100041,75,0.1933,0.000120111,9.00058e-05,4.01407e-07,ACSS,1,-0.384234864899445,520.231509722382,-100
Parakeet,556.5,0.914,25,0.1618,0.000100538,75,0.1943,0.000120733,9.04408e-05,4.03892e-07,ACSS,1,-0.381001003285098,521.24969231429,-100
Sapsucker,556.5,0.901,25,0.1626,0.000101035,75,0.1952,0.000121292,9.09068e-05,4.05135e-07,ACSS,1,-0.377743508759472,522.311194776482,-100
Peacock,605,0.953,25,0.149,9.25845e-05,75,0.1789,0.000111164,8.3295e-05,3.71581e-07,ACSS,1,-0.39062237297837,514.776078089506,-100
Squab,605,0.966,25,0.1483,9.21496e-05,75,0.178,0.000110604,8.29222e-05,3.69095e-07,ACSS,1,-0.393812950224772,513.868533068315,-100
Teal,605,0.994,25,0.1472,9.14661e-05,75,0.1767,0.000109797,8.23008e-05,3.6661e-07,ACSS,1,-0.400641626212926,512.198865003339,-100
Wood Duck,605,0.994,25,0.1471,9.14039e-05,75,0.1766,0.000109734,8.22387e-05,3.6661e-07,ACSS,1,-0.400641299107989,512.161628693199,-100
Egret,636,1.019,25,0.1402,8.71165e-05,75,0.1682,0.000104515,7.84172e-05,3.47969e-07,ACSS,1,-0.40665534712774,508.489305918065,-100
Goldfinch,636,0.963,25,0.1426,8.86078e-05,75,0.1711,0.000106317,7.97532e-05,3.54182e-07,ACSS,1,-0.393058467319171,512.00428022298,-100
Grosbeak,636,0.991,25,0.1412,8.77378e-05,75,0.1694,0.000105261,7.89765e-05,3.50454e-07,ACSS,1,-0.39989270046271,510.086238953141,-100
Rook,636,0.977,25,0.1419,8.81728e-05,75,0.1702,0.000105758,7.93804e-05,3.51697e-07,ACSS,1,-0.396483139395425,511.02379140745,-100
Scoter,636,1.019,25,0.1401,8.70543e-05,75,0.1681,0.000104453,7.83551e-05,3.47969e-07,ACSS,1,-0.406655014746229,508.449938048184,-100
Flamingo,666.6,1,25,0.1355,8.4196e-05,75,0.1625,0.000100973,7.58075e-05,3.35541e-07,ACSS,1,-0.402059206007708,507.487912502686,-100
Gannet,666.6,1.014,25,0.1348,8.3761e-05,75,0.1617,0.000100476,7.54036e-05,3.34299e-07,ACSS,1,-0.405435231464567,506.562207322869,-100
Redwing,715.5,1.081,25,0.1248,7.75473e-05,75,0.1497,9.30195e-05,6.98112e-05,3.09444e-07,ACSS,1,-0.421362357715606,499.83387379864,-100
Starling,715.5,1.051,25,0.1258,7.81687e-05,75,0.1508,9.3703e-05,7.04015e-05,3.10686e-07,ACSS,1,-0.414257597058545,501.343436705773,-100
Stilt,715.5,1.036,25,0.1264,7.85415e-05,75,0.1516,9.42001e-05,7.07122e-05,3.13172e-07,ACSS,1,-0.410682313037981,502.204179303401,-100
Condor,795,1.092,25,0.1141,7.08986e-05,75,0.1406,8.7365e-05,6.26654e-05,3.29328e-07,ACSS,1,-0.42391650000521,494.546095736899,-100
Cuckoo,795,1.092,25,0.1141,7.08986e-05,75,0.1367,8.49417e-05,6.38771e-05,2.8086e-07,ACSS,1,-0.42391654847121,494.546095736899,-100
Drake,795,1.108,25,0.1135,7.05258e-05,75,0.1359,8.44446e-05,6.35664e-05,2.78375e-07,ACSS,1,-0.42766220502169,493.716912944626,-100
Macaw,795,1.055,25,0.1157,7.18928e-05,75,0.1385,8.60601e-05,6.48092e-05,2.83346e-07,ACSS,1,-0.41517378542402,496.820735689541,-100
Mallard,795,1.14,25,0.1125,6.99044e-05,75,0.1349,8.38232e-05,6.29451e-05,2.78375e-07,ACSS,1,-0.435092110960024,492.233757856334,-100
Puffin,795,1.077,25,0.1147,7.12715e-05,75,0.1374,8.53766e-05,6.42189e-05,2.82103e-07,ACSS,1,-0.420383077729136,495.419235629139,-100
Tern,795,1.063,25,0.1153,7.16443e-05,75,0.139,8.63708e-05,6.4281e-05,2.94531e-07,ACSS,1,-0.417071740454192,496.285756105126,-100
Canary,900,1.162,25,0.1012,6.28829e-05,75,0.1245,7.73609e-05,5.56439e-05,2.8956e-07,ACSS,1,-0.440125496313937,485.7337269909,-100
Ruddy,900,1.131,25,0.1023,6.35664e-05,75,0.1232,7.65531e-05,5.70731e-05,2.59734e-07,ACSS,1,-0.432971415380639,487.36543869384,-100
Canvasback,954,1.248,25,0.0942,5.85333e-05,75,0.1128,7.00908e-05,5.27545e-05,2.31151e-07,ACSS,1,-0.459628280320082,479.623465577742,-100
Cardinal,954,1.196,25,0.0956,5.94032e-05,75,0.1176,7.30734e-05,5.25681e-05,2.73404e-07,ACSS,1,-0.447889810855176,481.62210834889,-100
Corncrake,954,1.165,25,0.0968,6.01489e-05,75,0.1156,7.18307e-05,5.4308e-05,2.33636e-07,ACSS,1,-0.440799052149956,483.250785319155,-100
Rail,954,1.165,25,0.0968,6.01489e-05,75,0.1164,7.23278e-05,5.40594e-05,2.43578e-07,ACSS,1,-0.440799042207956,483.250785319155,-100
Redbird,954,1.196,25,0.0956,5.94032e-05,75,0.1144,7.1085e-05,5.35623e-05,2.33636e-07,ACSS,1,-0.447889850623176,481.62210834889,-100
Towhee,954,1.175,25,0.0964,5.99003e-05,75,0.1152,7.15821e-05,5.40594e-05,2.33636e-07,ACSS,1,-0.443092509665424,482.707006736721,-100
Curlew,1033.5,1.245,25,0.0886,5.50536e-05,75,0.1087,6.75432e-05,4.88088e-05,2.49792e-07,ACSS,1,-0.458934469134656,476.179464419583,-100
Ortolan,1033.5,1.212,25,0.0897,5.57371e-05,75,0.1077,6.69218e-05,5.01448e-05,2.23694e-07,ACSS,1,-0.451503704624782,477.724106548893,-100
Snowbird,1033.5,1.203,25,0.0901,5.59857e-05,75,0.1074,6.67354e-05,5.06108e-05,2.14995e-07,ACSS,1,-0.449463841136073,478.238858978122,-100
Bluejay,1113,1.258,25,0.0837,5.20089e-05,75,0.1003,6.23237e-05,4.68515e-05,2.06296e-07,ACSS,1,-0.46182846717781,472.737084595444,-100
Finch,1113,1.292,25,0.083,5.15739e-05,75,0.1017,6.31936e-05,4.57641e-05,2.32393e-07,ACSS,1,-0.469401087541852,471.518400375212,-100
Bunting,1192.5,1.302,25,0.0785,4.87778e-05,75,0.0939,5.83469e-05,4.39932e-05,1.91383e-07,ACSS,1,-0.471600430218054,468.20855380788,-100
Grackle,1192.5,1.337,25,0.0777,4.82807e-05,75,0.0951,5.90925e-05,4.28747e-05,2.16238e-07,ACSS,1,-0.479307003257797,466.946145632867,-100
Bittern,1272,1.345,25,0.0739,4.59194e-05,75,0.0884,5.49293e-05,4.14145e-05,1.80198e-07,ACSS,1,-0.481041192502416,463.985938866478,-100
Pheasant,1272,1.381,25,0.0732,4.54845e-05,75,0.0894,5.55507e-05,4.04514e-05,2.01325e-07,ACSS,1,-0.488871400628068,462.820719943378,-100
Dipper,1351.5,1.386,25,0.0699,4.3434e-05,75,0.0835,5.18846e-05,3.92086e-05,1.69013e-07,ACSS,1,-0.489941374065393,460.11081380826,-100
Martin,1351.5,1.424,25,0.0692,4.2999e-05,75,0.0844,5.24439e-05,3.82766e-05,1.88897e-07,ACSS,1,-0.498132714095007,459.007992080518,-100
Bobolink,1431,1.427,25,0.0664,4.12591e-05,75,0.0791,4.91506e-05,3.73134e-05,1.57829e-07,ACSS,1,-0.498765592062309,456.597838611535,-100
Plover,1431,1.465,25,0.0656,4.07621e-05,75,0.0799,4.96477e-05,3.63192e-05,1.77713e-07,ACSS,1,-0.50688272187216,455.415785600194,-100
Nuthatch,1510.5,1.466,25,0.0633,3.93329e-05,75,0.0752,4.67272e-05,3.56357e-05,1.47887e-07,ACSS,1,-0.507085471180705,453.323549064575,-100
Parrot,1510.5,1.505,25,0.0624,3.87737e-05,75,0.0759,4.71622e-05,3.45794e-05,1.67771e-07,ACSS,1,-0.515322423371065,452.087779970214,-100
Falcon,1590,1.544,25,0.0596,3.70338e-05,75,0.0724,4.49874e-05,3.3057e-05,1.59071e-07,ACSS,1,-0.523489028265329,449.092794546076,-100
Lapwing,1590,1.504,25,0.0605,3.75931e-05,75,0.0718,4.46146e-05,3.40823e-05,1.4043e-07,ACSS,1,-0.515104073547859,450.297598089382,-100
Ratite,1590,1.492,25,0.0608,3.77795e-05,75,0.0718,4.46146e-05,3.43619e-05,1.36702e-07,ACSS,1,-0.512575994506056,450.727946608856,-100
Chukar,1780,1.601,25,0.0547,3.39891e-05,75,0.0645,4.00785e-05,3.09444e-05,1.21789e-07,ACSS,1,-0.535313769159301,443.616846953951,-100
Mockingbird,2034.5,1.681,25,0.0498,3.09444e-05,75,0.0581,3.61018e-05,2.83657e-05,1.03148e-07,ACSS,1,-0.551653714058944,437.643216093181,-100
Roadrunner,2057,1.7,25,0.049,3.04473e-05,75,0.0573,3.56047e-05,2.78686e-05,1.03148e-07,ACSS,1,-0.555501082559503,436.621816948671,-100
Bluebird,2156,1.762,25,0.0466,2.8956e-05,75,0.0544,3.38027e-05,2.65326e-05,9.69341e-08,ACSS,1,-0.567971391838498,433.478651253762,-100
Kiwi,2167,1.735,25,0.0473,2.93909e-05,75,0.0551,3.42376e-05,2.69676e-05,9.69341e-08,ACSS,1,-0.56255503012165,434.397558882197,-100
Thrasher,2312,1.802,25,0.0447,2.77754e-05,75,0.0519,3.22492e-05,2.55384e-05,8.94777e-08,ACSS,1,-0.575926320400465,430.92613271031,-100
Joree,2515,1.88,25,0.0419,2.60355e-05,75,0.0484,3.00744e-05,2.40161e-05,8.07785e-08,ACSS,1,-0.591277597218003,427.066225437329,-100
Merlin,336.4,0.63,25,0.2756,0.00017125,75,0.3298,0.000204929,0.000154411,6.73568e-07,ACSRTW,1,-0.305821683233935,556.213811708604,-100
Monongahela,405.1,0.68,25,0.2291,0.000142356,75,0.274,0.000170256,0.000128407,5.57993e-07,ACSRTW,1,-0.319745951864942,537.555682043902,-100
Flicker,477,0.776,25,0.193,0.000119925,75,0.2307,0.000143351,0.000108212,4.68515e-07,ACSRTW,1,-0.345639642189961,509.600199098446,-100
Hawk,477,0.789,25,0.1923,0.00011949,75,0.2298,0.000142791,0.000107839,4.6603e-07,ACSRTW,1,-0.349064469556204,506.464878986856,-100
Dove,556.5,0.852,25,0.165,0.000102527,75,0.1972,0.000122535,9.25224e-05,4.00164e-07,ACSRTW,1,-0.365328758385108,490.294860065683,-100
Parakeet,556.5,0.835,25,0.1657,0.000102961,75,0.198,0.000123032,9.29263e-05,4.01407e-07,ACSRTW,1,-0.360966490726195,494.009094818257,-100
Calumet,565.3,0.858,25,0.1625,0.000100973,75,0.1941,0.000120608,9.11554e-05,3.92708e-07,ACSRTW,1,-0.366853565637079,488.826754702997,-100
Mohawk,571.7,0.846,25,0.1613,0.000100227,75,0.1928,0.000119801,9.04408e-05,3.91465e-07,ACSRTW,1,-0.363780345087784,491.306886635904,-100
Grosbeak,636,0.908,25,0.1446,8.98505e-05,75,0.1727,0.000107311,8.11202e-05,3.49211e-07,ACSRTW,1,-0.379441734396416,477.312129836645,-100
Rook,636,0.89,25,0.1452,9.02233e-05,75,0.1735,0.000107808,8.14309e-05,3.51697e-07,ACSRTW,1,-0.374916262455547,480.924349293436,-100
Swift,636,0.85,25,0.1482,9.20874e-05,75,0.1816,0.000112841,8.17105e-05,4.15077e-07,ACSRTW,1,-0.364761335459413,489.454326263905,-100
Oswego,664.8,0.927,25,0.1385,8.60601e-05,75,0.1653,0.000102713,7.77337e-05,3.33056e-07,ACSRTW,1,-0.38416048819495,473.188180443588,-100
Mystic,666.6,0.913,25,0.1387,8.61844e-05,75,0.1656,0.000102899,7.78269e-05,3.34299e-07,ACSRTW,1,-0.380674494505809,475.889632175654,-100
Wabash,762.8,0.99,25,0.1212,7.53104e-05,75,0.1446,8.98505e-05,6.80403e-05,2.90802e-07,ACSRTW,1,-0.399581203320703,460.403455412422,-100
Maumee,768.2,0.977,25,0.1207,7.49997e-05,75,0.1439,8.94155e-05,6.77918e-05,2.88317e-07,ACSRTW,1,-0.396410518568984,462.65075412368,-100
Nechako,768.9,0.93,25,0.1232,7.65531e-05,75,0.1506,9.35787e-05,6.80403e-05,3.40512e-07,ACSRTW,1,-0.384851685233404,471.470789252058,-100
Condor,795,0.993,25,0.1167,7.25142e-05,75,0.1392,8.64951e-05,6.55238e-05,2.79618e-07,ACSRTW,1,-0.400294744993211,459.543603248243,-100
Drake,795,1.01,25,0.1161,7.21414e-05,75,0.1386,8.61223e-05,6.51509e-05,2.79618e-07,ACSRTW,1,-0.40440739779458,456.575834501448,-100
Puffin,795,0.98,25,0.1171,7.27627e-05,75,0.1396,8.67436e-05,6.57723e-05,2.79618e-07,ACSRTW,1,-0.397130171956685,461.848185521465,-100
Tern,795,0.96,25,0.1178,7.31977e-05,75,0.1405,8.73029e-05,6.61451e-05,2.82103e-07,ACSRTW,1,-0.392236469414573,465.488434992028,-100
Fraser,946.7,1.077,25,0.0995,6.18266e-05,75,0.1214,7.54347e-05,5.50226e-05,2.72161e-07,ACSRTW,1,-0.420328048270304,444.395139955587,-100
Cardinal,954,1.084,25,0.0977,6.07081e-05,75,0.1164,7.23278e-05,5.48983e-05,2.32393e-07,ACSRTW,1,-0.421973265363339,443.183261885704,-100
Phoenix,954,1.044,25,0.0996,6.18887e-05,75,0.1213,7.53725e-05,5.51468e-05,2.69676e-07,ACSRTW,1,-0.412496257098332,449.681913850567,-100
Rail,954,1.061,25,0.0993,6.17023e-05,75,0.121,7.51861e-05,5.49604e-05,2.69676e-07,ACSRTW,1,-0.416539201645404,446.921722486493,-100
Kettle,957.2,1.06,25,0.099,6.15159e-05,75,0.1206,7.49376e-05,5.48051e-05,2.68433e-07,ACSRTW,1,-0.416300746361614,447.06010161817,-100
Suwannee,959.6,1.108,25,0.0967,6.00867e-05,75,0.1152,7.15821e-05,5.4339e-05,2.29908e-07,ACSRTW,1,-0.427601189742105,439.436009281834,-100
Columbia,966.2,1.092,25,0.0966,6.00246e-05,75,0.115,7.14579e-05,5.4308e-05,2.28665e-07,ACSRTW,1,-0.423853065196107,441.860939413354,-100
Curlew,1033.5,1.129,25,0.0905,5.62342e-05,75,0.1077,6.69218e-05,5.08904e-05,2.13752e-07,ACSRTW,1,-0.432463544332636,435.855000904147,-100
Ortolan,1033.5,1.102,25,0.092,5.71663e-05,75,0.112,6.95937e-05,5.09526e-05,2.48549e-07,ACSRTW,1,-0.426182255883953,440.004571482832,-100
Snowbird,1033.5,1.089,25,0.0923,5.73527e-05,75,0.1123,6.97802e-05,5.1139e-05,2.48549e-07,ACSRTW,1,-0.423130802758995,442.009855249664,-100
Avocet,1113,1.129,25,0.0861,5.35002e-05,75,0.1045,6.49335e-05,4.77836e-05,2.28665e-07,ACSRTW,1,-0.43244655210591,435.533723169005,-100
Bluejay,1113,1.143,25,0.0858,5.33138e-05,75,0.1042,6.4747e-05,4.75972e-05,2.28665e-07,ACSRTW,1,-0.435687295389622,433.459627177932,-100
Finch,1113,1.185,25,0.0848,5.26924e-05,75,0.1032,6.41257e-05,4.69758e-05,2.28665e-07,ACSRTW,1,-0.445337788883763,427.449122862743,-100
Genesee,1158,1.165,25,0.0826,5.13254e-05,75,0.1003,6.23237e-05,4.58262e-05,2.19966e-07,ACSRTW,1,-0.440745025239755,430.081502532456,-100
Hudson,1158.4,1.196,25,0.0811,5.03933e-05,75,0.0964,5.99003e-05,4.56398e-05,1.9014e-07,ACSRTW,1,-0.44783478372494,425.677863760993,-100
Cheyenne,1168.1,1.155,25,0.0823,5.1139e-05,75,0.0998,6.2013e-05,4.5702e-05,2.1748e-07,ACSRTW,1,-0.438442820957099,431.485793651246,-100
Bunting,1192.5,1.181,25,0.0804,4.99584e-05,75,0.0975,6.05838e-05,4.46456e-05,2.12509e-07,ACSRTW,1,-0.444405649838897,427.686406297103,-100
Grackle,1192.5,1.225,25,0.0794,4.9337e-05,75,0.0965,5.99625e-05,4.40243e-05,2.12509e-07,ACSRTW,1,-0.45440013861328,421.655283442648,-100
Oxbird,1192.5,1.167,25,0.0807,5.01448e-05,75,0.0978,6.07703e-05,4.4832e-05,2.12509e-07,ACSRTW,1,-0.441197036806293,429.660198464665,-100
Yukon,1233.6,1.245,25,0.0769,4.77836e-05,75,0.0934,5.80362e-05,4.26572e-05,2.05053e-07,ACSRTW,1,-0.458889250312126,418.859395231957,-100
Nelson,1257.1,1.213,25,0.0765,4.7535e-05,75,0.0927,5.76013e-05,4.25019e-05,2.01325e-07,ACSRTW,1,-0.451678570769051,423.037131264714,-100
Bittern,1272,1.22,25,0.0757,4.70379e-05,75,0.0917,5.69799e-05,4.20669e-05,1.98839e-07,ACSRTW,1,-0.453257212560854,422.0539339585,-100
Catawba,1272,1.203,25,0.076,4.72243e-05,75,0.092,5.71663e-05,4.22533e-05,1.98839e-07,ACSRTW,1,-0.449409094906557,424.353054963191,-100
Pheasant,1272,1.264,25,0.0747,4.64165e-05,75,0.0907,5.63585e-05,4.14456e-05,1.98839e-07,ACSRTW,1,-0.463134463181251,416.255216376205,-100
Scissortail,1272,1.203,25,0.076,4.72243e-05,75,0.092,5.71663e-05,4.22533e-05,1.98839e-07,ACSRTW,1,-0.449409094906557,424.353054963191,-100
Thames,1334.6,1.29,25,0.0714,4.4366e-05,75,0.0866,5.38109e-05,3.96436e-05,1.88897e-07,ACSRTW,1,-0.468911562439205,412.772520919145,-100
Dipper,1351.5,1.256,25,0.0716,4.44903e-05,75,0.0865,5.37487e-05,3.98611e-05,1.85169e-07,ACSRTW,1,-0.461333153285114,417.056339537529,-100
Martin,1351.5,1.3,25,0.0706,4.38689e-05,75,0.0856,5.31895e-05,3.92086e-05,1.86412e-07,ACSRTW,1,-0.471126096177392,411.480646712195,-100
Mackenzie,1359.7,1.259,25,0.0712,4.42417e-05,75,0.086,5.34381e-05,3.96436e-05,1.83926e-07,ACSRTW,1,-0.462002731878274,416.642780608317,-100
Truckee,1372.5,1.248,25,0.0709,4.40553e-05,75,0.0856,5.31895e-05,3.94882e-05,1.82684e-07,ACSRTW,1,-0.459538048084376,418.037908821485,-100
Bobolink,1431,1.291,25,0.0679,4.21912e-05,75,0.082,5.09526e-05,3.78105e-05,1.75227e-07,ACSRTW,1,-0.469119286381333,412.397603717392,-100
Plover,1431,1.337,25,0.0669,4.15698e-05,75,0.081,5.03312e-05,3.71892e-05,1.75227e-07,ACSRTW,1,-0.479263751963883,406.766261041517,-100
Merrimack,1433.6,1.34,25,0.0668,4.15077e-05,75,0.0809,5.02691e-05,3.7127e-05,1.75227e-07,ACSRTW,1,-0.479919639816312,406.41528453672,-100
Miramichi,1455.3,1.302,25,0.0669,4.15698e-05,75,0.0807,5.01448e-05,3.72824e-05,1.71499e-07,ACSRTW,1,-0.471553901605546,410.970588978962,-100
St. Croix,1467.8,1.292,25,0.0667,4.14456e-05,75,0.0804,4.99584e-05,3.71892e-05,1.70256e-07,ACSRTW,1,-0.469336286674123,412.187702652676,-100
Rio Grande,1533.3,1.382,25,0.0628,3.90222e-05,75,0.0758,4.71001e-05,3.49833e-05,1.61557e-07,ACSRTW,1,-0.48904587179615,401.284175788295,-100
Potomac,1557.4,1.345,25,0.0629,3.90843e-05,75,0.0757,4.70379e-05,3.51076e-05,1.59071e-07,ACSRTW,1,-0.480996265128119,405.548765343104,-100
Platte,1569,1.334,25,0.0629,3.90843e-05,75,0.0756,4.69758e-05,3.51386e-05,1.57829e-07,ACSRTW,1,-0.478590330977929,406.836930635754,-100
Falcon,1590,1.408,25,0.0607,3.77173e-05,75,0.0733,4.55466e-05,3.38027e-05,1.56586e-07,ACSRTW,1,-0.494655572082874,398.235080455647,-100
Lapwing,1590,1.358,25,0.0618,3.84008e-05,75,0.0743,4.6168e-05,3.45173e-05,1.55343e-07,ACSRTW,1,-0.483827445879907,403.953931747024,-100
Pecos,1622,1.424,25,0.0595,3.69717e-05,75,0.0718,4.46146e-05,3.31502e-05,1.52858e-07,ACSRTW,1,-0.498092818397664,396.403875051552,-100
Schuylkill,1657.4,1.386,25,0.0595,3.69717e-05,75,0.0715,4.44282e-05,3.32434e-05,1.49129e-07,ACSRTW,1,-0.489898352806497,400.607546278729,-100
James,1730.6,1.47,25,0.0562,3.49211e-05,75,0.0677,4.20669e-05,3.13483e-05,1.42916e-07,ACSRTW,1,-0.507903716690938,391.282724366409,-100
Pee Dee,1758.6,1.427,25,0.0565,3.51076e-05,75,0.0677,4.20669e-05,3.16279e-05,1.39187e-07,ACSRTW,1,-0.498724168617348,395.865781276138,-100
Chukar,1780,1.445,25,0.0555,3.44862e-05,75,0.0666,4.13834e-05,3.10376e-05,1.37945e-07,ACSRTW,1,-0.502576537614436,393.865462116785,-100
Cumberland,1926.9,1.545,25,0.0511,3.17521e-05,75,0.0613,3.80901e-05,2.85831e-05,1.2676e-07,ACSRTW,1,-0.523661597296733,383.369957689334,-100
Athabaska,1949.6,1.504,25,0.0517,3.2125e-05,75,0.0607,3.77173e-05,2.93288e-05,1.11847e-07,ACSRTW,1,-0.515066374630536,387.485624293407,-100
Powder,2153.8,1.602,25,0.0475,2.95152e-05,75,0.0554,3.4424e-05,2.70608e-05,9.81769e-08,ACSRTW,1,-0.535489080903552,377.698914809797,-100
Bluebird,2156,1.608,25,0.0475,2.95152e-05,75,0.0554,3.4424e-05,2.70608e-05,9.81769e-08,ACSRTW,1,-0.536728585767138,377.140859227763,-100
Santee,2627.3,1.762,25,0.0405,2.51656e-05,75,0.0468,2.90802e-05,2.32083e-05,7.8293e-08,ACSRTW,1,-0.567943760459517,363.253328368474,-100
<undefined>,373.20216,0.748,25,0.242731867,0.000150827,240,0.448483672,0.000278676,0.000135961,5.94644e-07,ACCR,0,0,0,0
<undefined>,1033.35,1.222,25,0.082928358,5.15294e-05,240,0.152146826,9.45399e-05,4.65282e-05,2.00049e-07,ACCR,0,0,0,0
<undefined>,427.09344,0.8,25,0.212278167,0.000131904,240,0.39197642,0.000243563,0.00011892,5.19347e-07,ACCR,0,0,0,0
<undefined>,557.76224,1.132,25,0.130117621,8.08515e-05,240,0.240488347,0.000149433,7.2877e-05,3.18983e-07,ACCR,0,0,0,0
<undefined>,679.66192,1.039,25,0.130653989,8.11848e-05,240,0.240535753,0.000149462,7.32456e-05,3.1757e-07,ACCR,0,0,0,0
<undefined>,787.76352,1.151,25,0.109933071,6.83094e-05,240,0.202204169,0.000125644,6.16426e-05,2.66673e-07,ACCR,0,0,0,0
<undefined>,1237.95564,1.35,25,0.076361278,4.74488e-05,240,0.138257676,8.59096e-05,4.29766e-05,1.78887e-07,ACCR,0,0,0,0
<undefined>,824.06616,1.112,25,0.111234789,6.91183e-05,240,0.203962477,0.000126737,6.24184e-05,2.67993e-07,ACCR,0,0,0,0
<undefined>,1035.8415,1.247,25,0.089533911,5.56339e-05,240,0.163293568,0.000101466,5.03046e-05,2.13173e-07,ACCR,0,0,0,0
<undefined>,824.70986,1.128,25,0.109513382,6.80486e-05,240,0.200945617,0.000124862,6.14424e-05,2.64249e-07,ACCR,0,0,0,0
<undefined>,575.4675,0.97,25,0.151744961,9.42902e-05,240,0.279892554,0.000173918,8.50312e-05,3.7036e-07,ACCR,0,0,0,0
<undefined>,633.55798,0.962,25,0.145587164,9.04639e-05,240,0.26786354,0.000166443,8.16291e-05,3.53392e-07,ACCR,0,0,0,0
<undefined>,655.65344,1.006,25,0.137093355,8.51861e-05,240,0.252378705,0.000156821,7.68564e-05,3.33187e-07,ACCR,0,0,0,0
<undefined>,470.3465,0.852,25,0.190079414,0.00011811,240,0.350880104,0.000218027,0.000106492,4.64731e-07,ACCR,0,0,0,0
<undefined>,1594.17024,1.532,25,0.060484777,3.75836e-05,240,0.108027611,6.71254e-05,3.41485e-05,1.37404e-07,ACCR,0,0,0,0
<undefined>,400.2075,0.809,25,0.217137785,0.000134923,240,0.401281159,0.000249345,0.000121619,5.32194e-07,ACCR,0,0,0,0
<undefined>,339.67674,0.724,25,0.262624178,0.000163188,240,0.485468643,0.000301657,0.000147086,6.44044e-07,ACCR,0,0,0,0
<undefined>,296.56224,0.677,25,0.300409159,0.000186666,240,0.555513446,0.000345181,0.000168234,7.37278e-07,ACCR,0,0,0,0
<undefined>,257.4065,0.63,25,0.346141955,0.000215083,240,0.640264265,0.000397843,0.000193832,8.50045e-07,ACCR,0,0,0,0
<undefined>,780.05158,1.067,25,0.118858311,7.38553e-05,240,0.217997525,0.000135458,6.66922e-05,2.86523e-07,ACCR,0,0,0,0
<undefined>,720.78936,1.04,25,0.126618423,7.86772e-05,240,0.232688278,0.000144586,7.10134e-05,3.06553e-07,ACCR,0,0,0,0
<undefined>,1033.35,1.189,25,0.084957824,5.27905e-05,240,0.155676754,9.67333e-05,4.76808e-05,2.04385e-07,ACCR,0,0,0,0
<undefined>,1153.702,1.201,25,0.07794328,4.84318e-05,240,0.145,9.0099e-05,4.35868e-05,1.93801e-07,ACCR,0,0,0,0
<undefined>,795.2072,0.992,25,0.11446331,7.11244e-05,240,0.210199894,0.000130612,6.42072e-05,2.76689e-07,ACCR,0,0,0,0
<undefined>,1033.3058,1.132,25,0.088934785,5.52617e-05,240,0.162462458,0.00010095,4.99491e-05,2.12503e-07,ACCR,0,0,0,0
<undefined>,1621.97528,1.411,25,0.058379739,3.62756e-05,240,0.104819278,6.51318e-05,3.29202e-05,1.34215e-07,ACCR,0,0,0,0
<undefined>,573.3585,0.941,25,0.156209807,9.70645e-05,240,0.287949202,0.000178924,8.7546e-05,3.80741e-07,ACCR,0,0,0,0
<undefined>,266.7747,0.66,25,0.325281213,0.000202121,240,0.601734979,0.000373902,0.000182146,7.98981e-07,ACCR,0,0,0,0
<undefined>,131.29392,0.523,25,0.578632493,0.000359546,240,1.071167728,0.000665594,0.000323959,1.42348e-06,ACCR,0,0,0,0
<undefined>,182.84859,0.719,25,0.348284186,0.000216414,240,0.644741974,0.000400625,0.000194994,8.56794e-07,ACCR,0,0,0,0
<undefined>,270.29601,0.693,25,0.306593578,0.000190509,240,0.567250873,0.000352474,0.000171676,7.53327e-07,ACCR,0,0,0,0
<undefined>,381.92544,0.768,25,0.233541944,0.000145117,240,0.431535769,0.000268145,0.000130811,5.72223e-07,ACCR,0,0,0,0
<undefined>,762.8418,0.99,25,0.117010256,7.2707e-05,240,0.215186138,0.000133711,6.56135e-05,2.83739e-07,ACCR,0,0,0,0
<undefined>,477.06912,0.789,25,0.187034688,0.000116218,240,0.345215545,0.000214508,0.000104789,4.57159e-07,ACCR,0,0,0,0
<undefined>,571.8962,0.845,25,0.158056153,9.82118e-05,240,0.29130643,0.00018101,8.85841e-05,3.85107e-07,ACCR,0,0,0,0
<undefined>,664.6658,0.93,25,0.134860729,8.37988e-05,240,0.248303187,0.000154289,7.56023e-05,3.27861e-07,ACCR,0,0,0,0
<undefined>,958.08096,1.099,25,0.094323907,5.86103e-05,240,0.172788628,0.000107366,5.2941e-05,2.26771e-07,ACCR,0,0,0,0
<undefined>,1334.51288,1.275,25,0.070011887,4.35035e-05,240,0.126894112,7.88485e-05,3.93936e-05,1.64396e-07,ACCR,0,0,0,0
<undefined>,1321.09488,1.382,25,0.072340224,4.49502e-05,240,0.130396843,8.1025e-05,4.07555e-05,1.6779e-07,ACCR,0,0,0,0
<undefined>,1334.43936,1.415,25,0.070478983,4.37937e-05,240,0.127329765,7.91192e-05,3.96861e-05,1.64305e-07,ACCR,0,0,0,0
<undefined>,480.534,0.849,25,0.188847739,0.000117345,240,0.348471865,0.000216531,0.000105812,4.61331e-07,ACCR,0,0,0,0
<undefined>,1852.14816,1.667,25,0.052326901,3.25145e-05,240,0.092607078,5.75435e-05,2.96042e-05,1.16414e-07,ACCR,0,0,0,0
<undefined>,1741.932,1.588,25,0.056297804,3.49819e-05,240,0.099667891,6.19309e-05,3.18483e-05,1.25344e-07,ACCR,0,0,0,0
<undefined>,1961.21571,1.7,25,0.050368292,3.12975e-05,240,0.088491903,5.49865e-05,2.8543e-05,1.10181e-07,ACCR,0,0,0,0
<undefined>,194.52223,0.556,25,0.451275838,0.000280411,240,0.835083006,0.000518898,0.000252679,1.10924e-06,ACCR,0,0,0,0
<undefined>,236.13434,0.603,25,0.377582694,0.00023462,240,0.698517461,0.00043404,0.000211431,9.27535e-07,ACCR,0,0,0,0
<undefined>,207.1683,0.582,25,0.418681091,0.000260157,240,0.774757585,0.000481413,0.00023443,1.0291e-06,ACCR,0,0,0,0
